,mean,se_mean,sd,2.50%,25%,50%,75%,97.50%,n_eff,Rhat
beta_b[1],0.06090358,0.001754014,0.124689599,0.003632448,0.015701438,0.024370621,0.044201465,0.498089252,5053.526317,1.000210136
beta_b[2],0.078810062,0.000350574,0.02725734,0.042510516,0.061152244,0.074632319,0.091143992,0.139453381,6045.151899,0.999980862
beta_b[3],0.524154573,0.002240579,0.245422258,0.124382958,0.319951115,0.505652259,0.725763363,0.968507093,11997.95377,1.00076702
beta_b[4],0.04623877,6.93E-05,0.008340575,0.031084475,0.040607834,0.045766671,0.051394818,0.063892622,14486.11507,1.000003375
beta_b[5],0.073351179,0.001970834,0.16423089,0.000761396,0.006693067,0.013966969,0.037583784,0.674763571,6943.996169,1.000229418
beta_b[6],0.039709236,0.001683335,0.134553852,5.80E-05,0.000661014,0.00168156,0.004440633,0.531747949,6389.269289,1.000458343
beta_b[7],0.074015182,0.00016666,0.020707512,0.035755221,0.059899529,0.073288162,0.087351576,0.116885893,15438.09702,1.000062024
beta_b[8],0.165830219,0.000187449,0.023618917,0.122036488,0.149692781,0.164820373,0.181052083,0.214444073,15876.52242,1.000004504
beta_b[9],0.028826247,0.000523217,0.019369553,0.01284255,0.022620187,0.027911208,0.033191733,0.044915803,1370.487599,1.002698781
beta_b[10],0.121822032,0.000172662,0.021379248,0.084050366,0.106769634,0.120259173,0.135551314,0.167925252,15331.68937,1.000089363
beta_b[11],0.236330536,0.002568834,0.192015742,0.062784596,0.116888389,0.162913046,0.272153697,0.822095903,5587.295743,1.000179551
beta_b[12],0.061804306,0.000124838,0.013233747,0.041678702,0.05260342,0.059547841,0.068718505,0.094057948,11237.59031,1.000038226
beta_b[13],0.188777614,0.000334611,0.033857651,0.12834231,0.164933332,0.187002327,0.210210411,0.261018276,10238.39987,1.00010306
beta_b[14],0.104732231,0.000140568,0.015920353,0.075854637,0.093655511,0.103801803,0.115205472,0.137947417,12827.26984,0.999984271
beta_b[15],0.224864628,0.000237099,0.031182886,0.165775458,0.203502096,0.223931606,0.245749705,0.287297578,17297.13539,1.00000382
beta_b[16],0.087513579,0.001532304,0.046750398,0.056432273,0.072934904,0.082420704,0.093459352,0.130706047,930.8523716,1.002391607
beta_b[17],0.049126796,8.69E-05,0.010515012,0.031427506,0.041773693,0.048021009,0.055530439,0.072973355,14656.13539,0.999965089
beta_b[18],0.02203795,0.001241028,0.074475881,0.00062605,0.005502504,0.010338843,0.016697279,0.115812632,3601.370739,1.000099499
beta_b[19],0.107653942,0.000136707,0.015910824,0.07800619,0.09660779,0.107212655,0.118066752,0.140286017,13545.81223,1.000075078
beta_b[20],0.125080042,0.003419628,0.130999657,0.060844153,0.075404524,0.085282029,0.104835843,0.599538139,1467.515276,1.001432536
beta_b[21],0.162230802,0.000313053,0.035719642,0.098201472,0.136906176,0.160151358,0.185331587,0.237965227,13019.06433,0.999830671
beta_b[22],0.078005254,0.002056577,0.151005691,0.004378504,0.01655366,0.02806536,0.053013452,0.63520072,5391.340417,1.00018742
beta_b[23],0.186524866,0.000228402,0.027727971,0.133977901,0.167551338,0.185750285,0.205169571,0.242707762,14737.96486,0.999917944
beta_b[24],0.054901244,5.76E-05,0.008482987,0.039133921,0.049053813,0.054643368,0.060446103,0.072376979,21714.46767,1.00014796
beta_b[25],0.071502174,0.000368832,0.024345153,0.039146755,0.057432376,0.069188287,0.08197483,0.115093984,4356.81289,1.000687241
beta_b[26],0.085379217,0.000145155,0.01597675,0.057543139,0.074478568,0.084229255,0.094951213,0.120283953,12114.6579,1.000034529
beta_b[27],0.099807471,0.000116378,0.015454691,0.070385123,0.089294155,0.099498003,0.11002118,0.130955376,17635.03927,1.000155715
beta_b[28],0.117133457,0.001945848,0.093352255,0.059293556,0.081022134,0.095517431,0.116107987,0.37519706,2301.610806,1.000621387
beta_b[29],0.163419058,0.002654285,0.209708565,0.0190456,0.040551339,0.069390333,0.182251787,0.830996813,6242.192647,0.999958465
beta_b[1],0.309662096,0.000432565,0.054601757,0.211641624,0.270897984,0.306307193,0.344799609,0.424385523,15933.45964,1.000043928
beta_b[2],0.065183408,8.01E-05,0.011214793,0.044507447,0.057292962,0.064869563,0.072484807,0.088230906,19619.21025,0.99995447
beta_b[3],0.111861033,0.000162682,0.018298679,0.078267985,0.099133851,0.111040408,0.124030702,0.149548885,12652.01979,0.999915945
beta_b[4],0.116980543,0.000145562,0.019614777,0.08342512,0.103206106,0.115181009,0.129218399,0.16039755,18158.17142,1.000178257
beta_b[5],0.031475513,0.001887319,0.10140109,0.000818055,0.005709583,0.009539832,0.014462004,0.31941904,2886.654389,1.000667977
beta_b[6],0.128846199,0.002179943,0.19288078,0.010388284,0.025849733,0.043932534,0.127261636,0.772497704,7828.66419,1.000023784
beta_b[7],0.038927242,0.001596186,0.11947067,0.000413266,0.003926069,0.008155371,0.015369972,0.45438702,5602.159986,0.999911858
beta_b[8],0.036055391,0.001574127,0.118933671,0.000244865,0.002686531,0.005897501,0.011883369,0.438334217,5708.603811,0.999900096
beta_b[9],0.078455878,0.000243688,0.020700359,0.049630114,0.065277976,0.075678537,0.087970193,0.121950602,7215.871612,1.000471553
beta_b[10],0.04413766,6.75E-05,0.010149233,0.025259721,0.037265773,0.043716097,0.050616582,0.065201747,22622.28643,0.999903606
beta_b[11],0.048109699,0.001691368,0.10037846,0.003142092,0.01652673,0.026804595,0.039598814,0.338095391,3522.124768,1.001359218
beta_b[12],0.129304564,0.000186166,0.023560246,0.086917621,0.112814729,0.128113387,0.144480266,0.178432502,16016.1477,0.999935454
beta_b[13],0.03406875,0.001644878,0.121083179,0.000122211,0.00132219,0.003247014,0.007024181,0.450796196,5418.764114,1.000081968
beta_b[14],0.033616087,0.001510287,0.116403246,0.00016138,0.001726734,0.004227633,0.009165448,0.415555729,5940.340599,1.000533767
beta_b[15],0.079366762,0.000152477,0.021593898,0.038648659,0.064597871,0.078741349,0.09358726,0.12351213,20056.41536,0.99997496
beta_b[16],0.162511988,0.002185583,0.206796068,0.011974863,0.038215385,0.076238483,0.183389402,0.827557396,8952.617081,0.999986845
beta_b[17],0.088062675,0.000162967,0.019883314,0.056522149,0.074260911,0.085239279,0.098646995,0.135963923,14885.92497,0.999883092
beta_b[18],0.088495561,0.001939972,0.165034439,0.002839686,0.015968577,0.031200922,0.062554256,0.691999897,7236.995255,1.000845335
beta_b[19],0.104208937,0.002056775,0.185450302,0.001505187,0.014411361,0.029867017,0.081771167,0.753989106,8129.833755,0.999972553
beta_b[20],0.090387246,0.000131642,0.016956141,0.060927323,0.078465362,0.089075971,0.101045592,0.127232558,16590.71002,0.999898011
beta_b[21],0.048083147,8.01E-05,0.010069839,0.029712593,0.041081431,0.047691291,0.054586576,0.069222387,15808.56769,1.000126133
beta_b[22],0.092316169,0.000153067,0.020189263,0.056493916,0.078080865,0.091340353,0.105073177,0.135193215,17397.14202,0.999926792
beta_b[23],0.054197956,0.000122696,0.011584011,0.03469854,0.046781885,0.053583186,0.060685238,0.076785104,8913.752502,1.000305084
beta_b[24],0.114677084,0.001951124,0.204554315,0.001402076,0.008105381,0.019652194,0.105461242,0.798110993,10991.26237,0.999969669
beta_b[25],0.091720303,0.000141944,0.017578518,0.060523469,0.079631263,0.090755782,0.102621363,0.129126842,15336.54933,0.99998791
beta_b[26],0.0892097,0.000173694,0.017319013,0.058298182,0.076841749,0.088374747,0.100761511,0.125330033,9942.119491,1.000222303
beta_b[27],0.141034756,0.000172879,0.023647028,0.097129454,0.124722768,0.140023553,0.156337169,0.190540317,18709.88585,0.999820759
beta_b[28],0.062162126,8.58E-05,0.010809495,0.042163545,0.054672564,0.061681255,0.069344868,0.084203791,15866.7831,0.999896643
beta_b[29],0.099847342,0.000295768,0.026104831,0.059099444,0.083462831,0.098225994,0.113185053,0.151083945,7790.048249,1.000477002
beta_b[30],0.134723272,0.00212786,0.211987426,0.004005436,0.015058633,0.033948481,0.142511284,0.81176759,9925.080292,1.000227067
beta_b[31],0.157280125,0.000146641,0.022108042,0.116198521,0.141947634,0.156448905,0.171738873,0.202510265,22729.41921,0.999887364
beta_b[32],0.018989442,0.000791639,0.032080691,0.00442231,0.012564161,0.017165472,0.0218334,0.032273717,1642.227969,1.001300073
beta_b[33],0.074744933,0.00010733,0.014163914,0.049334348,0.064863568,0.073858977,0.08371615,0.104628808,17414.98186,1.000086875
phi_b[1],0.026004927,0.000171509,0.022632492,0.000851369,0.008647541,0.020041008,0.036961647,0.084196531,17413.78665,0.999939835
phi_b[2],0.106972382,0.000603839,0.058376035,0.010632442,0.062721841,0.102666005,0.145457422,0.231289683,9346.035541,1.000134915
phi_b[3],0.025368461,0.000154489,0.021529856,0.000781892,0.008774909,0.019701342,0.03646671,0.079987731,19421.73886,0.999967407
phi_b[4],0.036435098,0.000223053,0.029130417,0.00131513,0.013543492,0.029698866,0.052361275,0.108038726,17055.98994,1.000041712
phi_b[5],0.024869318,0.000168233,0.021307235,0.000764175,0.008514365,0.019267537,0.035718737,0.078341503,16040.9776,1.000161384
phi_b[6],0.042565192,0.000242999,0.031513934,0.001810382,0.017571129,0.036375292,0.061029143,0.118256495,16818.87506,1.000089944
phi_b[7],0.008520681,5.86E-05,0.008195597,0.000215561,0.002503056,0.006073125,0.011937482,0.030243515,19584.69327,0.9998478
phi_b[8],0.109085525,0.00056552,0.055561599,0.012013398,0.067744716,0.106285862,0.147578698,0.224817908,9652.804076,1.000178571
phi_b[9],0.047606196,0.000272357,0.033513104,0.002174652,0.020917407,0.042197963,0.067895921,0.125265151,15140.89011,0.999865035
phi_b[10],0.021338764,0.000141783,0.018458899,0.000593373,0.007211709,0.016676786,0.030364213,0.068759766,16949.77866,0.999982578
phi_b[11],0.010690023,6.54E-05,0.00969,0.000323811,0.003378963,0.007953649,0.015241097,0.035967842,21975.32674,0.999897028
phi_b[12],0.02021301,0.000129944,0.017841,0.000598058,0.006480842,0.015335296,0.029093236,0.066097104,18850.54053,1.000087279
phi_b[13],0.249261698,0.001045859,0.092412917,0.075711705,0.18544771,0.247692035,0.309563149,0.438566326,7807.625162,1.000236822
phi_b[14],0.088967648,0.000547745,0.049027933,0.008080214,0.05152734,0.085430631,0.122054386,0.193740007,8011.793852,1.000065796
phi_b[15],0.013534123,9.29E-05,0.012332331,0.000388566,0.004251091,0.010098432,0.019216293,0.045925029,17608.02682,0.99997734
phi_b[16],0.142672164,0.000635291,0.066016216,0.023634746,0.09461735,0.140266698,0.186773799,0.278264272,10798.30546,1.000096238
phi_b[17],0.078373282,0.000449519,0.045068353,0.006172425,0.044156232,0.074748551,0.107980386,0.176003037,10051.87467,1.000030244
phi_b[18],0.302875346,0.00054183,0.070901102,0.168659384,0.253942663,0.300857269,0.349588492,0.445438833,17123.00751,1.000094023
phi_b[19],0.130859714,0.00043991,0.048340155,0.035824139,0.09779823,0.130738373,0.163335514,0.226027651,12075.05895,1.000320703
phi_b[20],0.039850129,0.00053728,0.039319922,0.001024719,0.012036316,0.02804031,0.054617956,0.149313564,5355.78981,1.000879243
phi_b[21],0.040299646,0.000285238,0.030928794,0.001487001,0.01574255,0.033976859,0.058003753,0.115380975,11757.35698,1.000046724
phi_b[22],0.020805461,0.000135694,0.017675092,0.000649831,0.007192965,0.016150292,0.030029494,0.065003986,16966.79225,0.99997911
phi_b[23],0.167052603,0.000641524,0.062307171,0.046343484,0.124454149,0.166435507,0.208793019,0.289765982,9433.008235,1.000194222
phi_b[24],0.004888779,3.15E-05,0.004744221,0.000131006,0.001423558,0.003465484,0.006832597,0.017643237,22725.6981,1.000156609
phi_b[25],0.085221989,0.000503008,0.048297465,0.00698895,0.048000394,0.081471324,0.117614783,0.189556806,9219.320358,1.000937728
phi_b[26],0.131759919,0.000595558,0.057107389,0.025763422,0.091022898,0.129518254,0.169734274,0.248275947,9194.667688,1.000456904
phi_b[27],0.135171746,0.000472319,0.050738681,0.036652475,0.100139468,0.134757526,0.169026263,0.235008779,11540.05184,1.000046978
phi_b[28],0.114598908,0.000645083,0.063199253,0.0103763,0.066919927,0.110433089,0.156774346,0.248226093,9598.276432,0.999982051
phi_b[29],0.289612004,0.000545953,0.07133162,0.152938759,0.241020599,0.288053395,0.336584721,0.436047656,17070.76228,1.000047306
phi_b[1],0.081030059,0.000422819,0.048787766,0.006783087,0.04281909,0.07574987,0.112930083,0.189003897,13314.15184,1.000069473
phi_b[2],0.041580015,0.000241431,0.029976403,0.001794091,0.017806616,0.036070575,0.059605031,0.111308379,15416.05378,0.999923168
phi_b[3],0.15011419,0.000655697,0.063168559,0.032036044,0.105807747,0.149092345,0.192756584,0.276986893,9281.012394,0.999871992
phi_b[4],0.015625088,9.13E-05,0.013966824,0.00042415,0.004968178,0.011711078,0.022499267,0.051536686,23402.0972,0.999811861
phi_b[5],0.013101517,7.38E-05,0.012175365,0.000413657,0.003988762,0.00945595,0.018692308,0.045271272,27253.00454,0.999934167
phi_b[6],0.035163512,0.000232107,0.028193194,0.001335799,0.013207006,0.028465047,0.050184971,0.105205007,14754.13281,0.999868226
phi_b[7],0.099962981,0.000396474,0.048905906,0.013449201,0.063827008,0.09777627,0.133091017,0.200864785,15215.7633,0.999934105
phi_b[8],0.137075675,0.000608021,0.065646867,0.019608775,0.089261879,0.134476353,0.180842497,0.272924189,11657.12597,0.999969193
phi_b[9],0.173343195,0.000702563,0.074055052,0.034682812,0.121446358,0.171233604,0.222671749,0.324053485,11110.63566,0.999957916
phi_b[10],0.045164603,0.00027982,0.034017291,0.001836283,0.018250868,0.038333756,0.06477123,0.127686584,14778.91305,1.000257431
phi_b[11],2.89663143,0.002679494,0.329453503,2.290832383,2.6686107,2.884393957,3.111180742,3.582522073,15117.58908,0.999887294
phi_b[12],0.094016775,0.000486883,0.050063784,0.009726791,0.056529789,0.090567734,0.127526361,0.199869967,10572.98665,1.000012207
phi_b[13],0.049915508,0.000249295,0.03482669,0.002309588,0.022264316,0.044214462,0.07180661,0.129411255,19516.23837,0.999975733
phi_b[14],0.044565078,0.000263554,0.031728591,0.001879034,0.019372039,0.039071493,0.063707426,0.1190919,14493.18362,0.999889423
phi_b[15],0.019779607,0.000131858,0.016547678,0.000561904,0.006810858,0.015780841,0.028534985,0.061225709,15749.31605,0.999965761
phi_b[16],0.182316484,0.000712719,0.069960722,0.049302757,0.133718342,0.181545246,0.229807103,0.322458865,9635.43941,1.00057599
phi_b[17],0.026523145,0.000153358,0.022013817,0.000864986,0.009362695,0.021023223,0.038313932,0.081214231,20605.23977,0.999923192
phi_b[18],0.243316395,0.000624919,0.072864655,0.103837168,0.193824512,0.24307419,0.291859892,0.389820612,13595.21948,0.999987604
phi_b[19],0.075597657,0.000358752,0.043215076,0.00550547,0.042941575,0.072308254,0.104423935,0.167754363,14510.45878,0.999918099
phi_b[20],0.128261043,0.000530272,0.055036967,0.025529665,0.089197989,0.127024123,0.165228681,0.240421737,10772.35827,0.999873152
phi_b[21],0.221517757,0.000472459,0.057624527,0.109534028,0.18253491,0.22144457,0.260084019,0.335406081,14876.02042,1.000030746
phi_b[22],0.087033688,0.000463331,0.048809304,0.007505768,0.049414758,0.083390907,0.119328518,0.192003319,11097.45439,0.999793599
phi_b[23],0.027711408,0.000159837,0.023142221,0.000897324,0.00978664,0.021931051,0.03980417,0.086352421,20963.20348,0.999795134
phi_b[24],0.184385913,0.000669059,0.067404013,0.054663236,0.137730224,0.183626238,0.229719808,0.319318348,10149.45593,1.000293828
phi_b[25],0.06251212,0.000364029,0.042042168,0.003152108,0.029144311,0.056447747,0.089281863,0.158110928,13338.2007,1.000061874
phi_b[26],0.137964158,0.000688141,0.061630675,0.026037441,0.093435172,0.136364257,0.179451364,0.263895263,8021.201497,1.000485996
phi_b[27],0.013934863,8.86E-05,0.012983478,0.000362026,0.004251179,0.010057762,0.01981644,0.047778175,21478.50886,1.000165439
phi_b[28],0.126459614,0.000597187,0.061449962,0.016961802,0.081738779,0.123818648,0.168054165,0.253504459,10588.20694,1.000067446
phi_b[29],0.159974517,0.000668183,0.070073074,0.03101952,0.109436123,0.158266852,0.207322586,0.301464197,10997.94953,1.000287729
phi_b[30],0.092890427,0.000480079,0.052446892,0.008375641,0.052357253,0.088740512,0.128525205,0.204421541,11934.79139,1.000003088
phi_b[31],0.031769772,0.00019944,0.025705805,0.001090563,0.011402122,0.025645703,0.046253644,0.095183693,16612.67368,1.00020969
phi_b[32],0.070276055,0.000406153,0.045846388,0.004031919,0.034011395,0.064150608,0.09989654,0.172399753,12741.8102,0.999925552
phi_b[33],0.068369534,0.000388859,0.040907549,0.00452859,0.036170055,0.064507381,0.095836184,0.157823832,11066.79768,1.000039866
persev_b[1],0.998847122,0.001281719,0.185392521,0.645310984,0.873403013,0.995239264,1.122453165,1.373964181,20921.78024,0.999823802
persev_b[2],1.294480361,0.002352965,0.259235771,0.815911963,1.114980293,1.284354128,1.466623103,1.823490739,12138.32582,1.000249217
persev_b[3],0.486103255,0.001624279,0.190216021,0.127215982,0.352177669,0.482208444,0.614690957,0.862427351,13714.27264,0.999997141
persev_b[4],0.421133184,0.001734849,0.199997929,0.060152761,0.276713508,0.412365365,0.554892531,0.833552848,13290.07679,1.000283035
persev_b[5],1.436126756,0.001405701,0.193989966,1.070375173,1.303191761,1.432078921,1.563364708,1.83258727,19044.63339,0.999935721
persev_b[6],0.258499286,0.001349099,0.165501197,0.015129173,0.127067497,0.238008605,0.365273726,0.626683522,15049.25225,1.000082268
persev_b[7],2.069948905,0.001566264,0.218943656,1.649564643,1.919686773,2.067805197,2.215817317,2.505077244,19540.47217,0.999833787
persev_b[8],1.124081388,0.003141293,0.343458949,0.469863386,0.886056537,1.114437083,1.355770142,1.818108965,11954.54097,1.000185734
persev_b[9],0.501547819,0.002015615,0.201910167,0.114170049,0.361604633,0.497791045,0.638379918,0.903906365,10034.62738,0.999808753
persev_b[10],0.82130997,0.00212381,0.26168539,0.301885407,0.644133909,0.823526326,0.997000807,1.346701033,15181.9486,0.999957679
persev_b[11],0.113746627,0.00061223,0.094543951,0.003693623,0.039962982,0.090466047,0.164232692,0.350647253,23847.25153,0.99989046
persev_b[12],0.842159955,0.001683837,0.225329296,0.405236748,0.68947139,0.839936599,0.994906165,1.286356182,17907.52043,1.000107769
persev_b[13],0.975295014,0.003696063,0.400703406,0.216628723,0.694117727,0.966974509,1.245263321,1.780280395,11753.50429,1.000061304
persev_b[14],0.809794363,0.002383021,0.269453093,0.293818512,0.623932071,0.805761483,0.991733194,1.348536917,12785.29237,0.99990944
persev_b[15],0.739560648,0.002148692,0.259250074,0.23602355,0.564174163,0.736974791,0.915175323,1.251880792,14557.58834,1.000031984
persev_b[16],0.761723014,0.002608522,0.27222199,0.251937527,0.574132018,0.751336261,0.94242101,1.320537768,10890.74149,1.00007361
persev_b[17],1.592674881,0.002410576,0.28446129,1.063561148,1.394776559,1.583830047,1.777299163,2.175367411,13925.30601,0.999977416
persev_b[18],0.251622956,0.001513206,0.181362673,0.011568397,0.107119719,0.21721906,0.36304661,0.67420775,14364.81232,0.9998255
persev_b[19],0.128822073,0.00070851,0.107469896,0.004042512,0.045464334,0.102160817,0.185134831,0.393813664,23008.16898,0.999826926
persev_b[20],0.365196302,0.002409371,0.217205434,0.030588074,0.200021065,0.342276831,0.500027279,0.846249536,8127.071179,1.000265238
persev_b[21],1.537751701,0.002792262,0.352679712,0.875442189,1.295921203,1.5319091,1.77064604,2.252054852,15953.22624,0.999931973
persev_b[22],1.423957082,0.001332367,0.186660522,1.06785645,1.29676015,1.419822586,1.546456519,1.802411008,19627.1441,0.999908528
persev_b[23],1.011832007,0.0025242,0.288835897,0.455938965,0.81295772,1.008907134,1.207954882,1.580302929,13093.47475,1.000212834
persev_b[24],0.521482514,0.001584164,0.187651737,0.15733612,0.391420603,0.518742458,0.648179015,0.891567604,14031.53062,0.999970652
persev_b[25],0.780180664,0.002095461,0.226818588,0.345054462,0.628918337,0.779227054,0.931343004,1.23090228,11716.51116,1.000504341
persev_b[26],1.131485801,0.002436881,0.276588099,0.597252397,0.943415388,1.126635365,1.313917322,1.690522765,12882.45095,1.000251294
persev_b[27],0.253577286,0.001447422,0.172176268,0.011168836,0.115591829,0.228251913,0.362075388,0.644506513,14149.98594,1.000098182
persev_b[28],0.906815452,0.002800039,0.280793394,0.372155565,0.719336172,0.900564173,1.092590576,1.476387859,10056.4743,1.000068316
persev_b[29],0.206160925,0.001268696,0.159028517,0.007577886,0.081497915,0.171577872,0.295410926,0.594547455,15712.11127,1.000012202
persev_b[1],0.206626435,0.001089031,0.158081947,0.008162038,0.082002411,0.173072505,0.296796939,0.589979046,21070.93232,0.999844643
persev_b[2],0.17697402,0.00092805,0.130343556,0.007405658,0.072982227,0.151730053,0.255537447,0.482822759,19725.89217,0.999990081
persev_b[3],1.01393829,0.002751419,0.31688847,0.396441347,0.796083451,1.014839072,1.222649735,1.636418477,13264.75627,1.000010834
persev_b[4],0.146244675,0.000737141,0.117347354,0.005030911,0.05405612,0.11914729,0.211231495,0.43280016,25342.28853,1.000022344
persev_b[5],0.525942555,0.001207143,0.173124169,0.184993926,0.408964341,0.525903452,0.642764032,0.865158259,20568.2956,0.999945791
persev_b[6],0.966598853,0.00127196,0.195202482,0.594206151,0.834770744,0.961294795,1.09478076,1.360057843,23551.79408,0.999865785
persev_b[7],0.096137539,0.000526465,0.08637946,0.002709264,0.030978381,0.07312506,0.136190544,0.32163692,26920.47845,0.99986864
persev_b[8],0.641738439,0.002187064,0.243371434,0.182732608,0.472648061,0.635826803,0.802580945,1.138390357,12382.71912,0.999958462
persev_b[9],1.204020023,0.003039173,0.349820282,0.531422632,0.963762372,1.202871299,1.43764012,1.893638023,13248.88224,0.999953837
persev_b[10],0.788183996,0.001570702,0.209048189,0.387926831,0.644178679,0.784648045,0.923487442,1.214154294,17713.53685,0.999908973
persev_b[11],3.560462433,0.006320006,0.768213069,2.115738186,3.040952119,3.540212217,4.063491226,5.111232261,14775.02928,0.999946675
persev_b[12],1.651894794,0.003112054,0.394173776,0.916444943,1.375126007,1.639295263,1.90913976,2.456612656,16042.83937,1.000000713
persev_b[13],0.133758289,0.000722155,0.108765377,0.004396305,0.048175808,0.107584069,0.194235861,0.403607646,22684.02091,0.999824121
persev_b[14],1.337826917,0.001415311,0.200988058,0.962454063,1.198511526,1.33412342,1.467174418,1.751121292,20166.77634,1.000034603
persev_b[15],2.438541379,0.001647419,0.255094911,1.967650375,2.261732816,2.429209852,2.605967391,2.968229289,23977.03267,0.999986045
persev_b[16],1.054617879,0.002263382,0.259600314,0.555819197,0.877121111,1.052095404,1.225427863,1.576240932,13155.11458,1.000255122
persev_b[17],0.450732903,0.001587428,0.191993861,0.087964891,0.316396901,0.448236523,0.580823079,0.835770895,14628.05091,0.999769764
persev_b[18],0.474172504,0.002205373,0.240956706,0.057272832,0.296732652,0.462384778,0.635104566,0.97761069,11937.51297,1.000152309
persev_b[19],0.081043986,0.000457372,0.075194785,0.00205293,0.024801283,0.059236556,0.115108816,0.277119802,27029.40261,0.999916355
persev_b[20],1.57302758,0.002261475,0.287438126,1.027921198,1.377644982,1.567016303,1.760094084,2.15271372,16154.93375,0.999917167
persev_b[21],0.100438554,0.000550305,0.088034979,0.003171636,0.033983337,0.077419332,0.141908944,0.329779526,25591.9423,0.999899168
persev_b[22],0.279478022,0.001451124,0.178124238,0.016093164,0.137545943,0.257854964,0.394975065,0.675990592,15067.35017,0.999784473
persev_b[23],0.354655486,0.00149027,0.179730989,0.03955648,0.223259168,0.346117409,0.475661266,0.727649603,14545.0756,1.000015678
persev_b[24],0.527421152,0.002273303,0.242038524,0.082269386,0.355578262,0.520350687,0.687323364,1.026523375,11335.85486,1.000343112
persev_b[25],0.602260851,0.001846396,0.229693012,0.166257717,0.442298799,0.597273877,0.755777015,1.070758075,15475.54454,0.999888147
persev_b[26],1.090549761,0.002561785,0.280308102,0.555419837,0.897199052,1.084063245,1.277043818,1.65358913,11972.52567,1.000358028
persev_b[27],0.936482467,0.002070882,0.268103795,0.40955765,0.756521758,0.935357862,1.115853361,1.469503995,16760.81049,0.999942418
persev_b[28],0.399770709,0.001845346,0.215639583,0.038364536,0.236882447,0.386471793,0.541329167,0.866918471,13655.30642,0.999993867
persev_b[29],1.205055994,0.002328517,0.288418733,0.660489707,1.007013384,1.200340552,1.39801183,1.782028404,15342.22184,1.000047314
persev_b[30],0.604150378,0.001947218,0.226785137,0.173565911,0.447788818,0.599131143,0.753509431,1.065649988,13564.38805,1.000140373
persev_b[31],0.566007725,0.002055886,0.255497959,0.095180712,0.379180378,0.561466726,0.741707093,1.076864143,15444.60349,1.000049985
persev_b[32],0.349329454,0.001682039,0.19505206,0.031483808,0.20158302,0.332932593,0.474996577,0.766721585,13447.11079,1.000165541
persev_b[33],0.65586751,0.001696546,0.21231385,0.250818307,0.507997617,0.653733229,0.796597673,1.079803169,15661.21951,1.000003873
learning_rate[1],0.355415472,0.002710418,0.309630056,0.002365619,0.06627984,0.278344851,0.616436466,0.956911776,13050.09092,0.999957906
learning_rate[2],0.370643195,0.001825002,0.185300191,0.115037922,0.234375311,0.331209767,0.468585617,0.845823007,10309.19622,0.999928404
learning_rate[3],0.011213372,0.000171272,0.013056366,0.003280897,0.005546506,0.008066158,0.013109918,0.036086394,5811.302517,1.00071795
learning_rate[4],0.631395988,0.002313716,0.269262908,0.135292863,0.400993833,0.692495344,0.869083009,0.987663373,13543.56254,0.999978656
learning_rate[5],0.327407938,0.00288886,0.319240461,0.000817817,0.028537511,0.217572704,0.595466818,0.958777918,12211.88934,1.000384515
learning_rate[6],0.392524568,0.004144818,0.340146821,5.98E-05,0.025347628,0.359392628,0.70561109,0.971512304,6734.756571,1.000033032
learning_rate[7],0.395233748,0.001190559,0.159760232,0.119620557,0.280506335,0.384042441,0.495694887,0.752379831,18006.75305,0.999844617
learning_rate[8],0.497848655,0.000872423,0.109391623,0.294689565,0.423091168,0.493318479,0.569532385,0.721934682,15722.22839,1.000029457
learning_rate[9],0.580234499,0.002163359,0.272789892,0.079903825,0.356067481,0.610101586,0.820379871,0.982804207,15900.08888,0.999985213
learning_rate[10],0.519037814,0.001754952,0.210581826,0.179430523,0.34880346,0.504654296,0.673237118,0.939086068,14398.29869,1.000152419
learning_rate[11],0.027205814,0.000341849,0.029263329,0.002464109,0.009873771,0.021666681,0.036569958,0.083325448,7327.8835,1.000221666
learning_rate[12],0.424041652,0.002443699,0.269345275,0.061761732,0.18110396,0.383783101,0.638406921,0.949533058,12148.51649,0.999994693
learning_rate[13],0.537406711,0.001357204,0.11980927,0.351511884,0.450163725,0.520008104,0.606806252,0.825464782,7792.747217,0.999992753
learning_rate[14],0.450519031,0.001506295,0.147295161,0.231119711,0.342239961,0.426538783,0.535069742,0.806372374,9562.183921,1.000044773
learning_rate[15],0.058086891,8.15E-05,0.011597244,0.03744132,0.049986744,0.057399066,0.065381533,0.082855901,20242.40907,0.999934558
learning_rate[16],0.295603709,0.001137068,0.116520544,0.074628895,0.216771231,0.290396327,0.368560676,0.540198952,10501.04123,0.99994278
learning_rate[17],0.415909929,0.002299671,0.231995658,0.112834063,0.231128509,0.35694896,0.560743209,0.945016179,10177.20107,1.000030776
learning_rate[18],0.436501223,0.002403054,0.284146283,0.001469551,0.196448388,0.407980511,0.666634348,0.957981237,13981.59747,0.999990177
learning_rate[19],0.575836019,0.001089822,0.127489396,0.351652277,0.483455325,0.567742427,0.660057926,0.849120963,13684.75776,0.999982953
learning_rate[20],0.459433216,0.004548885,0.333672113,0.006557308,0.128834462,0.449989034,0.776710568,0.981049796,5380.590817,1.000719601
learning_rate[21],0.34772533,0.00160605,0.15807687,0.132281309,0.227224142,0.31591706,0.437988993,0.73079259,9687.657808,1.000061053
learning_rate[22],0.183140089,0.002331266,0.243433187,0.001050663,0.022896107,0.078298586,0.221616299,0.896854451,10903.75493,0.999861184
learning_rate[23],0.043826547,7.75E-05,0.010458404,0.025941887,0.036556244,0.042879518,0.050049264,0.067123864,18216.57779,0.999939002
learning_rate[24],0.701855761,0.00133884,0.145046604,0.435466662,0.593718704,0.694660485,0.811608064,0.971136023,11737.02594,0.999847477
learning_rate[25],0.13642371,0.000997425,0.100531516,0.03302837,0.074049,0.109872477,0.165408859,0.412449412,10158.82933,0.999835471
learning_rate[26],0.426702803,0.001940464,0.193562734,0.123785771,0.284707321,0.400303851,0.538154844,0.898211032,9950.207242,1.000197899
learning_rate[27],0.830696311,0.000836351,0.126681919,0.533378012,0.754439951,0.85492356,0.933457147,0.993148347,22943.1001,1.000110871
learning_rate[28],0.059227893,0.000312405,0.032077103,0.005778843,0.036911682,0.056316518,0.077634028,0.130056953,10542.77024,0.999944705
learning_rate[29],0.092338406,0.001193899,0.131805847,0.002343197,0.012631713,0.045703777,0.114493074,0.495276211,12188.0586,0.999957447
learning_rate[1],0.232841351,0.000428432,0.052361023,0.154570365,0.196437237,0.224881883,0.25964469,0.359525145,14936.59722,0.999916943
learning_rate[2],0.440010565,0.000964294,0.121162575,0.250372765,0.352813462,0.422975779,0.5078168,0.726252966,15787.66895,1.000014358
learning_rate[3],0.187833537,0.001554881,0.106903807,0.076032613,0.12324795,0.16243034,0.218587845,0.468432562,4727.068925,1.00030569
learning_rate[4],0.176543534,0.000585043,0.069168996,0.086674907,0.128629849,0.162088433,0.208420455,0.35279108,13978.09766,1.000054912
learning_rate[5],0.446983177,0.003551605,0.296773369,0.000752627,0.199354706,0.44365171,0.690834566,0.965398018,6982.332639,0.999989373
learning_rate[6],0.162507904,0.002049461,0.238021073,0.001285632,0.009840756,0.049074933,0.202518544,0.870864522,13488.12255,0.999827832
learning_rate[7],0.365401398,0.002536321,0.309497127,0.000411745,0.078089961,0.296836138,0.623556371,0.960610842,14890.34825,0.999856931
learning_rate[8],0.401786442,0.00308275,0.315998801,0.000274803,0.092222946,0.37141469,0.674193329,0.964949971,10507.3768,1.000000315
learning_rate[9],0.160604381,0.000909318,0.116090149,0.030887077,0.078197913,0.127164147,0.209346181,0.466343187,16298.94774,0.999903159
learning_rate[10],0.613403156,0.001374273,0.220478295,0.195079805,0.44523368,0.626718889,0.793861832,0.972937871,25738.63465,1.000029261
learning_rate[11],0.324460691,0.001984802,0.242904562,0.00271444,0.137675189,0.277579904,0.464790892,0.906971886,14977.41901,0.999999632
learning_rate[12],0.435385766,0.00159532,0.153102052,0.220023315,0.323381149,0.404898019,0.515933844,0.82606757,9210.146911,0.99997622
learning_rate[13],0.418412718,0.003671849,0.33046815,0.000121344,0.08007308,0.39794943,0.718255146,0.971657913,8100.087189,1.000383913
learning_rate[14],0.423981683,0.003283931,0.327994827,0.000204699,0.090367179,0.4095621,0.719829591,0.974575679,9975.757036,0.999937622
learning_rate[15],0.568870074,0.001553732,0.194067915,0.238275814,0.423410579,0.54700908,0.704312659,0.96246386,15601.10468,0.999959081
learning_rate[16],0.149528974,0.003210143,0.251824799,0.001984336,0.011280049,0.039839007,0.118242014,0.918947478,6153.870456,1.000274198
learning_rate[17],0.637562282,0.001905909,0.237367917,0.161741412,0.466324274,0.679484352,0.832988582,0.979925002,15510.99229,0.999831238
learning_rate[18],0.164200088,0.002066353,0.226486879,0.000932089,0.019046809,0.069655735,0.192229781,0.859314673,12013.71116,1.00014551
learning_rate[19],0.238672866,0.001955879,0.259013686,0.001299296,0.020035194,0.141639132,0.386628428,0.894993731,17537.23977,0.999957791
learning_rate[20],0.516100336,0.002281872,0.25584025,0.15117276,0.291584943,0.469212584,0.742343711,0.976163224,12570.57178,0.999906118
learning_rate[21],0.466278495,0.002071724,0.209087256,0.18305171,0.307219598,0.412658851,0.590810574,0.947177694,10185.70734,1.000313622
learning_rate[22],0.194112128,0.000436422,0.060292121,0.099486245,0.152438976,0.185782806,0.226365395,0.335858886,19085.71118,0.999893969
learning_rate[23],0.620817053,0.001504269,0.167896718,0.303485129,0.507544045,0.614033925,0.737245648,0.947238694,12457.5792,1.000174901
learning_rate[24],0.194889975,0.002322392,0.277329402,0.000570418,0.005272219,0.041789718,0.301138514,0.916935577,14260.03897,0.999865921
learning_rate[25],0.10952136,0.001490907,0.054755199,0.054399523,0.08317191,0.101726855,0.124848277,0.197181518,1348.806632,1.001938974
learning_rate[26],0.321750989,0.002149086,0.177546128,0.123630863,0.195657667,0.263264051,0.394298969,0.80904357,6825.191501,1.000316642
learning_rate[27],0.399624538,0.000785165,0.11979542,0.191857986,0.313138769,0.392190446,0.476734093,0.656531501,23278.69176,0.9998498
learning_rate[28],0.358857214,0.001054439,0.113863742,0.182789007,0.281269886,0.344336414,0.418287105,0.623774273,11660.78578,1.000056383
learning_rate[29],0.128393196,0.001790047,0.133653295,0.028077746,0.061617472,0.088605809,0.133647716,0.596873655,5574.81401,1.000130555
learning_rate[30],0.135102237,0.002013239,0.220085625,0.000867558,0.005903561,0.033724332,0.141642272,0.832963181,11950.68692,1.000043706
learning_rate[31],0.075066129,0.00012896,0.020558846,0.041441463,0.060631841,0.072936271,0.086761105,0.121989158,25414.89833,1.000072722
learning_rate[32],0.532588424,0.001980546,0.269742499,0.072316392,0.301424,0.527184955,0.7668757,0.97791341,18549.36137,1.00005618
learning_rate[33],0.450927224,0.001465778,0.174375043,0.18312764,0.321160552,0.423703945,0.554970652,0.864818943,14152.47028,0.999836491
