Unnamed: 0,mean,se_mean,sd,2.5%,25%,50%,75%,97.5%,n_eff,Rhat
phi_a_1[1],-0.0167837636190282,0.0002867123311572,0.0230224209682094,-0.0633512197525031,-0.031916558390706,-0.0162833477814948,-0.0009142441131094,0.02586036315677,6447.765555780708,1.0000801404378832
phi_a_1[2],0.0171370361136952,0.0002687452414627,0.0225498930387413,-0.0274289409279219,0.0019739648624618,0.0175886404607666,0.0326889133269251,0.0602172319549414,7040.563278154338,1.0002189479445849
phi_a_1[3],-0.0498789352068493,0.0004077481162553,0.0332315914001579,-0.1169103321588306,-0.0716074089303291,-0.0494261721923828,-0.027139485446857,0.0137383840291019,6642.297941035589,1.0004399866588318
phi_a_1[4],-0.081745521602082,0.0004772180277722,0.0427885369318773,-0.1723902329282368,-0.1087632313566885,-0.0786470082928139,-0.0523095171378415,-0.005467743028816,8039.354706141375,0.999713342159006
phi_a_1[5],-0.0563599325075906,0.0004290357063781,0.0374300023151883,-0.1362708531855743,-0.0800078425956953,-0.0545985693350188,-0.0299352456408685,0.0109093111504193,7611.194714755428,1.000011982909461
phi_a_1[6],0.0260033047879103,0.0003505302770475,0.0309856588007838,-0.0376988934082155,0.0063608430621731,0.0269537466505295,0.0470029680351796,0.0849721589327094,7813.945835074935,1.0003811058354184
phi_a_1[7],0.0058655495733821,0.0004032012963711,0.0318490051577098,-0.0624266290682109,-0.014013226132786,0.0076502216875637,0.0278324516572835,0.063542900060367,6239.47289995969,1.001072489802934
phi_a_1[8],-0.1788160531310408,0.0006476604253744,0.0588215775067049,-0.3020797344510577,-0.2180395854655318,-0.1762212990796824,-0.137107299824373,-0.0710943476377552,8248.56903333092,0.9998359577024342
phi_a_1[9],-0.0925067044170243,0.0007275178091333,0.0641018501102603,-0.2345933706839938,-0.1326294388844314,-0.0870036740380134,-0.0467909141076614,0.0170532902097084,7763.434095955584,0.999736382978152
phi_a_1[10],0.0673283312376395,0.0004957518218645,0.0380768095632212,-0.0105832858933578,0.0425053982927764,0.0685451690493094,0.0934579791350855,0.1381104101463257,5899.191113657765,1.0000458398424217
phi_a_1[1],-0.0728182161651954,0.0004116313899804,0.0395112891925293,-0.1597430678978814,-0.0966915864275027,-0.069684788723794,-0.0454727296482598,-0.0042268058856633,9213.516743588243,1.0004285939416504
phi_a_1[2],-0.0724090648808469,0.0007522242197446,0.0762347333710557,-0.2324169970901957,-0.1211154561640347,-0.0685978295195137,-0.0187661532500165,0.0665659813028922,10270.962566263986,0.9998921531912088
phi_a_1[3],-0.0551212511613187,0.0003789412146524,0.038679139642298,-0.1321444920263255,-0.0803963202702203,-0.0547726546050128,-0.0292820213580449,0.0191330476025431,10418.613442667329,0.999902298934628
phi_a_1[4],-0.0163832017516592,0.0002866750655936,0.0284282274556045,-0.0734715220965945,-0.034826612752572,-0.0152432803788337,0.0026089694013461,0.0375049815961296,9833.762655493343,1.0000759961911516
phi_a_1[5],-0.0533284593386213,0.0002185764839828,0.0227868209867653,-0.0984918705518193,-0.0688483242767055,-0.0530972709418568,-0.0378325298277051,-0.0095963764497044,10868.274773775958,0.9996647554351497
phi_a_1[6],-0.0437472734162431,0.0003717014579984,0.036297893064177,-0.1225874914025092,-0.0664998665377967,-0.0406993581034222,-0.0183279668749809,0.0202664939435564,9536.177024079929,0.9997146445181776
phi_a_1[7],-0.0424324701844124,0.0004969410397987,0.0478758788172656,-0.1448554029374524,-0.0720829265153974,-0.03807825985848,-0.0081711272297992,0.03803558262678,9281.620114944077,0.9997411050575168
phi_a_1[8],-0.0295831131162156,0.0003841889538075,0.0368914118443573,-0.1078473241306679,-0.0534699818249834,-0.0269809308358758,-0.0038627937667044,0.0366764808871952,9220.634441727923,1.0003419282224169
phi_a_1[9],-0.0667046453327379,0.0002374669503027,0.0230736806236943,-0.1150275054353639,-0.0814247213973136,-0.0661810861293693,-0.0509813759463923,-0.0233577760348545,9441.204493525467,1.0000334237176602
phi_a_1[10],-0.041910378532724,0.0004112458264936,0.0393970376783476,-0.1297879225818421,-0.0658239210427696,-0.0380933022916275,-0.0147230219581914,0.0252601995890262,9177.494406511958,0.9999354145874032
phi_a_1[1],-0.0122667743936905,0.000480291697745,0.0486988606568637,-0.1098357448189141,-0.0434882966890892,-0.0116024513820615,0.0207692460066404,0.0822257264357437,10280.81258789935,0.9996498886304604
phi_a_1[2],-0.1092040193306246,0.0006386247101198,0.0608313962609166,-0.2384451766086771,-0.148796745501137,-0.1055921950880085,-0.0666937008575443,-0.0007351032340512,9073.276226618484,0.9997140210811304
phi_a_1[3],-0.0212411550229334,0.0002734096171277,0.0240076168407117,-0.0721771032766543,-0.0362334660635086,-0.0199699102785359,-0.0048486749898203,0.0227496768943907,7710.286730337752,1.0002294554473272
phi_a_1[4],-0.0247091964910045,0.0003735889019582,0.0328734552549978,-0.0967164355728213,-0.045760827583126,-0.0218995957865881,-0.0012551542795129,0.0319478712323268,7742.884405730562,0.999981238714652
phi_a_1[5],-0.018780755207895,0.0003982773148631,0.033593817572429,-0.0875988150075974,-0.0401393334603634,-0.0180137325476608,0.0041365404581091,0.0444780879080473,7114.552327945081,0.999966052859436
phi_a_1[6],-0.1134355779141078,0.0005994891713565,0.0537905029891765,-0.2323350972097745,-0.1467971253679924,-0.1090168112040974,-0.0752002174451685,-0.0213193755731153,8050.975871829532,1.0000296761126422
phi_a_1[7],-0.0702938271558141,0.0003478660314524,0.0316040262311187,-0.1336076927422334,-0.0913190747847737,-0.0696522443027735,-0.0487942824212765,-0.0096404184135386,8253.930008272266,0.9998900045553134
phi_a_1[8],0.0110172326569729,0.0005492532003895,0.0472120985629899,-0.0833585970428114,-0.0198336246495425,0.0125455569852112,0.0434768192482898,0.1000052230012011,7388.587450206453,0.9999264752925536
phi_a_1[9],-0.0279168827022641,0.0003748158368934,0.0322046992313357,-0.0997449970782344,-0.0472070665928233,-0.0240619007752205,-0.0050903075676587,0.0254162538954583,7382.485961655665,1.0005244057206162
phi_a_1[10],-0.0549932914334217,0.000402518646933,0.0351099994398215,-0.1299256071162942,-0.0767481081786191,-0.0532221577486755,-0.0306097067862591,0.008236155800587,7608.335178210951,0.9998444726091672
phi_a_1[1],0.0263768413312129,0.000217595832755,0.02211127190492,-0.0163795893950324,0.0111041968219363,0.0263088426507794,0.0415590500670019,0.0697287880998272,10325.861670722725,0.9997816363413632
phi_a_1[2],-0.0888922228207792,0.0004110612556049,0.042590777335326,-0.1816418413810225,-0.1152704039417629,-0.086387532551357,-0.0584104455188662,-0.0165358750840792,10735.395385806118,0.999786390560459
phi_a_1[3],-0.0073712760751802,0.0003639849127605,0.0370398743662117,-0.0802969418862009,-0.0329462049628458,-0.0071923215060029,0.0176129172765504,0.0648164592248837,10355.527946168731,0.9997766052589876
phi_a_1[4],-0.0288669712910663,0.0002799573181105,0.0290111223106873,-0.0878841210181014,-0.0482608407511842,-0.0276104974574872,-0.0091314662426094,0.0259901185007241,10738.544251576766,0.999856631677278
phi_a_1[5],-0.0133116380513722,0.00034226775448,0.0349939507066424,-0.0855355892969515,-0.0360010722224292,-0.0122557192304873,0.010936963213137,0.0521617730778022,10453.313620370382,1.000010105169107
phi_a_1[6],0.0191716476663629,0.0002224082902905,0.0219956061634937,-0.0250776309356974,0.0048342028088367,0.019438692092521,0.0339546731066158,0.0617701099277958,9780.699742376004,1.0002499488959462
phi_a_1[7],0.0336555380352792,0.0001851168897202,0.0190304176086245,-0.0043621804325673,0.0212494696114945,0.0339105022977603,0.0466884295777713,0.0707089864290644,10568.285758790267,0.99992486319844
phi_a_1[8],0.0172714417194296,0.0003535115590361,0.0291627133426323,-0.0412310291056784,-0.0022365311680609,0.0170829306810669,0.0368069265409548,0.0741199960558643,6805.321078068943,0.999723194184799
phi_a_1[9],-0.1000235267514409,0.0003774815214875,0.0377589860966795,-0.1797776107416057,-0.1242507234583716,-0.0975938451352241,-0.0737131184384297,-0.032181123094697,10005.740944659685,1.0000912472056978
phi_a_1[10],-0.0436418790522506,0.0003856325177591,0.0372251639123564,-0.1229101020680517,-0.0668101645853606,-0.0406899221792719,-0.0175308995472894,0.0205961146541903,9318.06942256355,0.9998226423256276
phi_a_1[1],0.0230240021268339,0.0001676472727672,0.0173453461861538,-0.0122835493839772,0.0116931626613384,0.0234425863945793,0.0349061897108432,0.0559081723644255,10704.661988026228,0.999795202374712
phi_a_1[2],-0.0632051723516617,0.000235862825111,0.0233662924331875,-0.1105537444618573,-0.0784412293565554,-0.0628875294384982,-0.0473066848260472,-0.0179840159975881,9814.329239666087,1.0000206897423636
phi_a_1[3],-0.0022169151179051,0.0002304348847083,0.0245594947340851,-0.0524019386877289,-0.0183921143997211,-0.0013335741213813,0.0148125812752084,0.0429498150095315,11359.060260387005,0.9995651141004936
phi_a_1[4],-0.0023939805732818,0.0002643207368558,0.024971680056511,-0.053361253980382,-0.0188623030670645,-0.0013971633446291,0.0150459520491708,0.0432820980995757,8925.510214280679,0.9998103626681
phi_a_1[5],-0.051461256768478,0.0002354720249901,0.0247087663474724,-0.1036870715951472,-0.0669607211217239,-0.0494622353049489,-0.0342826888269076,-0.0087823440858501,11010.916975084232,0.9997738030156592
phi_a_1[6],-0.089317683797064,0.0003572256840329,0.0341248884861141,-0.1595091939822031,-0.1117617203057303,-0.08764852650844,-0.0651338065790459,-0.0273624229276244,9125.509649959327,1.0002040402094676
phi_a_1[7],0.0403354238903475,0.0003964027212942,0.0379676164024324,-0.0389030100489285,0.0156591769240446,0.0412424634283294,0.0665012520361497,0.1111560409901925,9173.887535010948,0.9996277052256148
phi_a_1[8],0.0068719789747219,0.0002839386564312,0.0259775977277954,-0.0449592576666968,-0.0105035968355719,0.0072297469068474,0.0244508584923715,0.0568233893025208,8370.452354579607,1.0002181518556938
phi_a_1[9],-0.0374775987999818,0.0004905771988298,0.0558499857056372,-0.1461295673402535,-0.0747132294631703,-0.0381951900099308,0.0002107479874716,0.0741927632128817,12960.788223918382,0.999878630229269
phi_a_1[10],-0.06692394791788,0.0004289871545884,0.0420600000885864,-0.1555622932927223,-0.0933662239495035,-0.0650004204230783,-0.0381878522768833,0.0109415564651658,9612.801234718914,1.0000560532072236
phi_a_1[1],0.0214247149308667,0.0003827714165823,0.0321897719564561,-0.0418760054109819,-0.0002195938379321,0.0211808933797369,0.0437699443658217,0.0834451132398992,7072.23692085431,1.0002106667600388
phi_a_1[2],-0.0535970762588525,0.0004743935851267,0.0388654153774237,-0.1330092936960623,-0.0794477171960598,-0.0531675295556672,-0.0265275424902724,0.0184458208826132,6711.954623242154,1.0001663914001628
phi_a_1[3],0.0133038273886058,0.0003214275084172,0.0295093753149934,-0.0458943254262278,-0.0065102906691298,0.0138149661325782,0.0330931792568101,0.0689842467477487,8428.570977103627,0.999864231352624
phi_a_1[4],0.0232056154038894,0.0002799910080735,0.0212660796473815,-0.020852830220722,0.0093387708878761,0.0235110618520447,0.0375146646197219,0.063609752414159,5768.816222630803,0.9999652543680873
phi_a_1[5],0.0028358805611189,0.0003699186880127,0.0301186132283434,-0.0595284689805887,-0.0167515820058025,0.0038573299979143,0.0237316769325802,0.0589129324917867,6629.143172277337,1.0002593940797715
phi_a_1[6],-0.01520740486576,0.00023795273397,0.0210105006000268,-0.0581866954063978,-0.0288679167149177,-0.0142528447017887,-0.0007605766578165,0.0234584155866931,7796.351339456351,0.9998493762307936
phi_a_1[7],-0.0860578301512916,0.000378007380674,0.0326776252653189,-0.154222827675782,-0.1073713137565262,-0.0843451980485324,-0.0631763106615753,-0.0261771691711042,7473.093518408585,1.0000563387217494
phi_a_1[8],-0.104180133317424,0.0007501057869529,0.0629385011283525,-0.2407967551215248,-0.1452351371154711,-0.0998656701290739,-0.0586947425736368,0.0046718568238843,7040.244793653468,1.0005276829007426
phi_a_1[9],0.0095324214241895,0.0001912085094234,0.0148935241803908,-0.019967350121749,-0.0002249104339262,0.009668531661578,0.0196370406784932,0.0382119459382695,6067.091123906219,0.9999304998319484
phi_a_1[10],-0.1065017965454541,0.0006362798086425,0.0489689109242864,-0.209648316317599,-0.1377692040704278,-0.1038022769672862,-0.0727017777122006,-0.0170982107290895,5923.039202968188,0.9997978656209398
persev_a[1],0.0801003991711033,0.0009063632408711,0.0785924692690906,-0.0726052430317425,0.0264287064759466,0.0794110894903395,0.1336080188174059,0.237086912715789,7518.951795930431,0.9997699159932733
persev_a[2],0.1374573269468537,0.0007243558656054,0.0632229611667713,0.0165169373417695,0.0949120040370873,0.1356925166456306,0.1805595155809181,0.2653241375659174,7618.083059968992,1.0004070368817126
persev_a[3],0.0260610207460005,0.0008405311557754,0.0736012780931916,-0.1156058322555817,-0.0242191726654874,0.0256165383188368,0.077149871290855,0.1713476173573991,7667.664111749488,1.000241044696637
persev_a[4],0.1105438948675372,0.0006966644086954,0.0655716987887793,-0.0149110980189238,0.0667058438306165,0.1104994175013888,0.1539227950415932,0.2429654357814497,8859.01879095498,0.9997547704895856
persev_a[5],0.3820951150274723,0.0013091508481521,0.1192693055159594,0.1583815005284211,0.3005759343503826,0.377564037565165,0.4598935808293271,0.6279648517397218,8299.998196808343,0.9997604111616368
persev_a[6],0.3187823511750647,0.0008699266121396,0.0802345614786704,0.1655554816616439,0.264190535705715,0.3177343733516417,0.3706028277899301,0.4793642884364464,8506.633720975038,0.999875212007741
persev_a[7],0.1778273533096991,0.0012704716143161,0.0978393055724741,-0.0061815166262962,0.1110011251015967,0.1755835947217247,0.2414121883330812,0.3778840320816883,5930.574839154446,1.00042464761322
persev_a[8],0.0173800341833336,0.0008737554839025,0.0725940293311541,-0.1235591969728822,-0.0323099371417486,0.0165460910096838,0.066629696198177,0.1621256034085306,6902.747322378755,1.0001547810915792
persev_a[9],0.2242708229264723,0.0015127629994993,0.1224419706167234,-0.0052518128228572,0.1429808608335415,0.2214290140004263,0.3028465230755698,0.4737884045208373,6551.169468159042,0.9997234123305866
persev_a[10],0.3955605315710167,0.0011427376219099,0.0827765764199735,0.239729534832163,0.3391536140498506,0.3925449465157185,0.449307125563633,0.5663618385000991,5247.130544051804,0.9999508856076698
persev_a[1],0.0640697251506866,0.0011834544264331,0.1165627938707013,-0.1599091205393906,-0.0138039638543038,0.0612545442760757,0.1410501389910032,0.3004388868362259,9701.00704712682,1.0000578050529183
persev_a[2],0.6714037446741347,0.0015101767592432,0.1475066155064132,0.4069768070091654,0.568291504850464,0.6625096145217075,0.7649326219002808,0.9860334410647305,9540.418631376197,0.9998447356961055
persev_a[3],0.201041086390807,0.0016837650327113,0.1517251031396917,-0.0705153389062882,0.0962958761070757,0.1909036270620216,0.2952686254993844,0.5332583506063431,8119.922992039815,0.9996827628784944
persev_a[4],0.2963058672213501,0.0009010717875275,0.0888923888055748,0.1304490126102396,0.2349135672596913,0.292403972837264,0.3548229549036963,0.4790725418919318,9732.185315082712,1.0000551783895464
persev_a[5],0.1582436835853104,0.0010178771809613,0.0945124848042725,-0.0179631138233942,0.092285142600865,0.155969017629237,0.2207178970867934,0.350892290177659,8621.594758049378,1.000023889863261
persev_a[6],0.1705462673855475,0.001179101265513,0.1159059945098193,-0.0526799004802831,0.0911350412977513,0.1685227174784616,0.2468066006190921,0.4003083249050651,9662.946709040163,0.999643159386845
persev_a[7],0.0841756749439088,0.0028456502455523,0.2754139558281124,-0.4594167902560228,-0.1002676977892533,0.083671698585328,0.2673627597758911,0.6290535660185688,9367.179555650047,0.9997924171893846
persev_a[8],0.5266666729892198,0.0013293031244433,0.1275446655637885,0.2949967453988453,0.4396536606068609,0.5217862580802166,0.6083419527507605,0.7819743878397172,9206.118221981713,0.9998449009129214
persev_a[9],-0.0491741956264184,0.0019787242302629,0.1771346112872488,-0.3818509852667876,-0.1701606419979225,-0.0553244605176785,0.0681846004072334,0.3115320970886005,8013.759660370906,1.0000421508629698
persev_a[10],0.2785022092705167,0.0011509899881928,0.1074972609958654,0.0714052301120407,0.2047519061521016,0.2745436472386707,0.3484190517026466,0.5044329133377944,8722.715452911227,1.0001245178750886
persev_a[1],-0.0213284737348385,0.0008961439285996,0.0823586207141542,-0.188358109048668,-0.0751809676653145,-0.0194510165723333,0.0342543985005611,0.1367043443836124,8446.224017015926,0.9999753838437644
persev_a[2],0.1288627960169149,0.001140952082736,0.0999107749440085,-0.065994396460418,0.0627344505884945,0.1264859722602146,0.1942345974684373,0.3319666517106047,7668.136658842419,1.0001665369184092
persev_a[3],0.1506849233450497,0.0009107241135752,0.0797312941971691,-0.0058894123386851,0.097203742039599,0.1491462277621249,0.2037453043096675,0.3069898529951126,7664.502246010904,0.9999947217827077
persev_a[4],0.0526841840079801,0.0006946682698487,0.0609195013149365,-0.0657489258194147,0.0118876217368222,0.0521734134219419,0.0935648530666584,0.1743633706186363,7690.556280559176,0.9998378802614696
persev_a[5],0.3628042291793603,0.0013173125174773,0.1170994666079892,0.1399224067868857,0.282738086566039,0.3609840807202242,0.439719012400978,0.5986381111528096,7901.912138342733,1.000002369474201
persev_a[6],-0.1158328241236586,0.0024918249466885,0.2167528686118667,-0.5500123579140022,-0.2606093756085781,-0.1119547963722701,0.0308733894397478,0.3017925642596248,7566.493247970845,0.9999163702376818
persev_a[7],0.0923469695690874,0.0007487899347306,0.0669936589728065,-0.0359211109458901,0.0483745063232742,0.0908332015449822,0.1366639162502979,0.2242891050690843,8004.743136079809,1.0000253455233836
persev_a[8],0.4010913164118029,0.0012161037609519,0.1024647161818588,0.2076683223433318,0.3323674017714406,0.397579610051187,0.4673734436532345,0.6087769177311866,7099.167443124071,1.0000986272960162
persev_a[9],0.1207240077085241,0.0011663107656502,0.1026709186153838,-0.0767764596665361,0.0498071389408704,0.1204594009938166,0.187533144714453,0.3275492012506675,7749.368743036456,1.0000203041801483
persev_a[10],0.0778508866347029,0.0010069613914545,0.0903807503069726,-0.0960954319639794,0.0157432593206713,0.0760864795338598,0.1397770123821766,0.256574804230436,8056.125926010453,1.0000973369619033
persev_a[1],0.0053220092689686,0.0006330851317173,0.0616801857302751,-0.114451090079878,-0.0371726130189217,0.0056565715497651,0.0467768476541518,0.1255065666030543,9492.20518622168,0.999994994534972
persev_a[2],0.0114903804078245,0.0009358940096675,0.1004832047859959,-0.1842103848037996,-0.0546044858949593,0.0102070190563629,0.0779106339036706,0.2131971966308117,11527.45991634723,0.9997891190592796
persev_a[3],-0.0962040370783164,0.0008214239665574,0.0838292772407447,-0.2606142314630381,-0.1520330082659945,-0.0969054731394374,-0.0408505241415275,0.0689450778922164,10414.938348201083,0.9999482599511472
persev_a[4],0.3089307106257708,0.0010208845022949,0.1055830958998325,0.1098427873412742,0.2361477967761124,0.3060158150434975,0.3776336740813171,0.523519521211669,10696.348945960948,0.9996294377898152
persev_a[5],0.6738697229151914,0.0016607220692883,0.1670819318514356,0.3677356326193235,0.5579483424289458,0.6670881027043859,0.7824130808179758,1.0222082583379417,10121.970379395889,0.9999439361672884
persev_a[6],-0.193542710266948,0.000610810640989,0.0649332143138182,-0.3235001158865805,-0.2376230163879155,-0.192567665870623,-0.1491684766383747,-0.0696731541393133,11301.097320154777,1.0002267111916272
persev_a[7],0.2949787855731395,0.0008889269074997,0.0892800645128992,0.1243275072015066,0.2339912350377377,0.2932723738304393,0.3539101003671359,0.4733717209984381,10087.345270400572,1.0000176702073582
persev_a[8],0.6942065840689149,0.0026546511018104,0.2114144707465859,0.2981032235735873,0.5447709960492482,0.6882069840386504,0.8348615896157697,1.1191940063030446,6342.413019756442,0.9998472923502454
persev_a[9],0.1658615123928219,0.0010385398166922,0.1066580244398731,-0.0358893826014973,0.0936520379364271,0.1646433810400479,0.2348365738165279,0.3846741723397675,10547.28708585967,0.9998759286465448
persev_a[10],0.0648639904253974,0.0011432833684671,0.115382498162112,-0.1604415579739186,-0.0136162612153238,0.0640336954066052,0.1406072952014807,0.2970629472424847,10185.259626344046,0.9999679284521524
persev_a[1],0.1848626036978929,0.0008133808616418,0.0816046825304828,0.0290676476724415,0.1291553376796996,0.1829656384793866,0.239195911570679,0.3479616178397033,10065.660081609209,0.9996376597884008
persev_a[2],-0.05546594392367,0.0006842864480308,0.0667973415651793,-0.1871201602410966,-0.0989952149641856,-0.0563796316345123,-0.0101041966070659,0.0760999171842928,9528.893628409623,1.0002369899082346
persev_a[3],0.3229228041968403,0.0009570004341895,0.096511344846223,0.136213064721827,0.257503820223837,0.3218513630039561,0.3867393206175668,0.5166612524548239,10170.269588256822,0.9997946132701452
persev_a[4],0.3347566234267394,0.0012550138119158,0.1164656179319345,0.1155373800293165,0.2528833631703459,0.3328385267751312,0.4125660866226418,0.5719813454103037,8611.889717570382,0.9998919720682684
persev_a[5],0.3549323859053176,0.0009047028868594,0.0963963049885983,0.1785283239559863,0.287722565280892,0.35145734874193,0.4168649842139077,0.5561786354720495,11352.9525287468,1.0000559203793398
persev_a[6],0.0038980338346833,0.0023352765992897,0.1998806546061915,-0.3692029654851125,-0.1335224008178955,-0.0020725922955838,0.1322405235835442,0.4124713032516288,7325.965534943491,1.000215218137783
persev_a[7],0.1604509768948424,0.00110037336167,0.1008933627084843,-0.0371859501330455,0.0914930505755189,0.1579332183855699,0.2289100988655629,0.3596136938160308,8407.077627680586,1.0002363733734452
persev_a[8],0.3255631907248222,0.0012540809528503,0.1129116036692237,0.1147914558904435,0.2484292054701475,0.3208318538626841,0.3993090930951111,0.5602743408234264,8106.362261076904,0.9999911228904956
persev_a[9],-0.1721974109328029,0.0011168623269873,0.1107091826103371,-0.4011370642957964,-0.2451557780389328,-0.1665056208797521,-0.0954233576295772,0.0317144083280898,9825.801915772725,0.9996623888000128
persev_a[10],0.1307021268485356,0.0007448372797165,0.0698650843337493,-0.0025037728893818,0.0832755561384684,0.1297825834810106,0.1769449293208881,0.2709718319853552,8798.275656567335,1.00040878410721
persev_a[1],-0.1234582831349395,0.0009114184423079,0.080275148509879,-0.2867780837142899,-0.1776212866141737,-0.1213939505802376,-0.0676290849555672,0.0295121395902573,7757.586217989809,0.9999791800811062
persev_a[2],0.0260147628276141,0.0008081180637227,0.0705634806688446,-0.1126426069834942,-0.0217527322602163,0.0261021017872034,0.0742360102308981,0.1645413449978016,7624.482304743362,0.9996817883156944
persev_a[3],-0.0656433387423516,0.0009546610025866,0.0827473697585643,-0.2366595971895359,-0.1189721263131192,-0.0630864443656521,-0.0091161870597905,0.0886567521508794,7512.941921796438,0.9997786345899766
persev_a[4],0.1990066064834067,0.0010809911581544,0.079951184928578,0.0481009544239555,0.1442871589768823,0.1978513419876573,0.2504422479553252,0.3603369710289739,5470.229230943968,0.9998300954905708
persev_a[5],0.2734958622432343,0.0012102122703222,0.1036216717930901,0.0757041642867548,0.2043705834971487,0.2717867054650908,0.3416193992209179,0.480989811230175,7331.250948647075,1.000326868597348
persev_a[6],0.2227382449086287,0.0008676783166295,0.0784753231196189,0.0708644157465951,0.1696491235442246,0.2217322943915638,0.2741541044572847,0.3806165660657609,8179.913969418935,0.9999697016525436
persev_a[7],0.0340238264209697,0.0010381675513621,0.0873699563629443,-0.1380167516100794,-0.0253025199496114,0.0338037033999526,0.0942246095186403,0.2028218893313934,7082.544900241829,1.0004135223395916
persev_a[8],0.3023035164295301,0.001733944910633,0.1389424571991715,0.0449482815602819,0.2055832082619074,0.2945618983262654,0.3950903619416592,0.5900447227559292,6420.951056644635,1.0001485288512375
persev_a[9],0.3466021743217174,0.0009746488843648,0.0868214898770161,0.182252558271368,0.2874141740963825,0.3440473323375856,0.4030833876805977,0.5224011886054732,7935.2038561701565,0.9996885911928444
persev_a[10],0.0726017356311777,0.001045472563628,0.0810170239901164,-0.0849104266850943,0.019106903527544,0.0724943137630839,0.1260611851047014,0.2335720358042358,6005.19745788716,0.9998837628158302
beta_b[1],0.0517204660369172,0.0001112556110003,0.0116033927931935,0.0300755080762791,0.0439235789331251,0.0513193794770349,0.0592435740471135,0.0756309307446153,10877.426108773245,0.9997638442609728
beta_b[2],0.0216309219643765,9.651094514517024e-05,0.0088680849321628,0.0051483096060862,0.0153651483279846,0.0214026773250003,0.0275414969991914,0.0397163105195999,8443.189760651787,0.9996561076484312
beta_b[3],0.046260802770749,9.92543591789892e-05,0.0094778418093305,0.0284207710351672,0.0397745336271637,0.0460738405350458,0.0526394471517578,0.0653778907309463,9118.42293728312,0.9996911772112572
beta_b[4],0.0358891010578645,0.000143630088525,0.0122871295862834,0.0122228203785834,0.027583825516423,0.0356561371945719,0.0441814793265989,0.0609373002064743,7318.296836616524,1.0000277252399086
beta_b[5],0.0414660929150003,0.0001891955536809,0.0155635629194208,0.0120947443231076,0.0307003977876476,0.0408121058670118,0.05192522787471,0.0737860902741963,6767.000366627617,1.0001067703727715
beta_b[6],0.0088244024583976,6.800936435360755e-05,0.0069154407817804,0.0003759438340252,0.003210424364822,0.0073829133656447,0.0128745765996899,0.0257111581984914,10339.565814006242,1.0002489114722584
beta_b[7],0.0964207442881102,0.0001822130488951,0.0181500252816507,0.0633206131705987,0.0836045530739639,0.0956320043214657,0.1082951943414025,0.1341734011152142,9921.91537372157,0.9999683840390808
beta_b[8],0.0410685075831684,0.0001154621764275,0.0116099952363839,0.018842769934114,0.0331833224574478,0.0409070801990641,0.048528157493271,0.0646926829079266,10110.778679341976,0.9999790801949296
beta_b[9],0.0599112615070845,0.000177191867014,0.0167885226362721,0.028229587748705,0.0482708219057515,0.0596555277793413,0.0708594289453408,0.0940508295702054,8977.127487291074,0.9996473387571778
beta_b[10],0.0265241352062614,0.0001234725501778,0.0113674821320929,0.0054465462497997,0.0183442172911808,0.0262922132041258,0.0343051564246511,0.0494274233893478,8475.937083992523,0.999861754186572
beta_b[1],0.0499005509906758,0.0002690574004712,0.023770754473291,0.0072269749004244,0.0328048976689807,0.0488025407055267,0.0656110597379216,0.1000089458219996,7805.415899775557,1.000191387240717
beta_b[2],0.0791544076039455,0.0001414867255474,0.0155535099290716,0.0497971303826527,0.0684189777992615,0.0789738624405356,0.0894563112769818,0.1113349263926561,12084.409400721515,0.9996146974899514
beta_b[3],0.0091385165385754,6.530621631103889e-05,0.0056375028836541,0.0005932430265496,0.0047072487778264,0.0084897903726793,0.012786974559621,0.0217021276020622,7451.856945687687,1.0001011843089689
beta_b[4],0.0493504286942376,0.0001259517485016,0.0131529130101459,0.0247668391405873,0.0402580641186362,0.0491421177502013,0.0579949048785399,0.0758762040716089,10905.246678940866,0.9997642704377148
beta_b[5],0.0547104882485382,0.0001219574052514,0.0125715506377401,0.0300036565342153,0.0462644130541193,0.0546240681194544,0.0630944685821028,0.0798007766290674,10625.792883962977,0.9997552695443088
beta_b[6],0.0614060814811417,0.0002363056383756,0.0209302793386651,0.0210345260757126,0.0472701549415813,0.0610633663067796,0.0752132416296919,0.1032906494304087,7845.161359156251,0.9997279951214034
beta_b[7],0.2204134782044135,0.0006253202772119,0.0678464194789768,0.1030852461804816,0.1723266612236685,0.2157641526526382,0.2635167477871369,0.3646705027371598,11771.96176566367,0.9999002647406156
beta_b[8],0.0684630229164784,0.0001879468894019,0.0193532412396095,0.0319291866199507,0.0553141633294481,0.068156623414231,0.0812039054775378,0.1074513730314656,10603.204452263442,0.9998913677235676
beta_b[9],0.0995814728994947,0.0002618057316888,0.0296957964524716,0.0460162692550983,0.079009884742089,0.0974194751650402,0.11876118232342,0.1633363872655694,12865.647697149663,0.9997856206921952
beta_b[10],0.0406217407120704,0.0001710886950278,0.0159894486336595,0.0110752777688171,0.0293825850499597,0.0399498096778225,0.0512003007054165,0.0732411963908863,8734.224464190249,1.000077599616792
beta_b[1],0.0021661066372685,1.8163239916995134e-05,0.0019493467008915,7.209444374687347e-05,0.0007125134182123,0.0015834207077066,0.0030993377760353,0.0072113859856032,11518.383542446736,0.9999506169730944
beta_b[2],0.0344301777126749,0.0001383833599966,0.0118030449438346,0.0109744468102344,0.0264538957789959,0.034436666043998,0.0422452018706702,0.0579384541293759,7274.788628184608,0.9995920697086228
beta_b[3],0.0147032694721741,9.598075395156924e-05,0.0078339070677663,0.0013707661387795,0.0088177922417558,0.0142509992861789,0.0196824415681173,0.0314961392174867,6661.75284972543,0.999800123126794
beta_b[4],0.0261476955968345,9.857853858200276e-05,0.0088447337865705,0.0089041397260922,0.0200718396781982,0.0262043816777499,0.0320189842724377,0.0436937586668861,8050.164975815658,0.9998619485233128
beta_b[5],0.1222783983810021,0.0002329318673842,0.0233049352090984,0.0774573003525454,0.1068973128810663,0.1217067493525947,0.1368658431379254,0.1699475186378164,10010.090017839046,0.999680549954682
beta_b[6],0.0700193825428759,0.0004822378875475,0.0428022789404056,0.005373871741699,0.0365486386863448,0.065522435760883,0.096674198688657,0.1663656120709782,7877.912077755353,0.9997179731049308
beta_b[7],0.0219347117483409,8.389266755562717e-05,0.0078019612258127,0.006816022221943,0.0165968589662953,0.0217521173877927,0.0271646406558516,0.0375784255355906,8648.87394205188,1.0002479041336505
beta_b[8],0.0370215578133828,0.0001201324000964,0.0106882655048962,0.0159778188071596,0.0296842252941173,0.0368914865079063,0.0442502963558879,0.0579542112563746,7915.788088574776,0.9999285853165384
beta_b[9],0.081042773538457,0.0001832182521861,0.0185926746003686,0.0458936533270162,0.0686809701294189,0.080710423439371,0.0932473971359227,0.1187534240232599,10297.842977689575,0.9998689282763742
beta_b[10],0.0491600760389993,0.0001694674646438,0.014859254647619,0.0198838621969174,0.0392527086692742,0.0490451405313945,0.0591278225714595,0.0789657518844648,7688.141829435192,0.9998974303076602
beta_b[1],0.0224892377245464,5.846862127187025e-05,0.0057977368632449,0.0114243089295589,0.018533548117175,0.0223975116186866,0.0263695726517114,0.0341202828861168,9832.666179071415,1.0004212671379424
beta_b[2],0.1030367147531503,0.0002094068628421,0.0232097078373204,0.0605336573717663,0.0869733419786172,0.1021945614614364,0.1180459309820294,0.1515443374125738,12284.501169812653,0.9999752269047866
beta_b[3],0.0090182241217251,6.699014054387774e-05,0.0066284346034368,0.0004090247944346,0.0038112574220618,0.0077155168674369,0.0128783152026767,0.0249278563450031,9790.394093806735,0.9997002244952397
beta_b[4],0.061722498897472,0.0001309728712878,0.0146844531806061,0.0338106588457201,0.0517829175789514,0.0612931610247183,0.0714235986582471,0.0913994205228873,12570.508924421723,0.9995941414853396
beta_b[5],0.0393008348306562,0.0001885630427056,0.0163601852774895,0.0087798443597236,0.0278097147485991,0.0389319544692203,0.0501804806944832,0.0725866083864614,7527.716944304444,0.9997055547692992
beta_b[6],0.0060612262803841,5.044659711930071e-05,0.0050301460918506,0.0001661015754421,0.0021151048963152,0.0048390394780542,0.0088059163967965,0.0185440454099067,9942.542241214967,0.9996356193598396
beta_b[7],0.0757513185546696,0.0001297493919572,0.0148544634567921,0.0479890016528525,0.065629612050145,0.0753254851287232,0.0854707228709712,0.1059288223285419,13106.99931762901,0.9998901131597624
beta_b[8],0.0768280054405239,0.0003185726766154,0.0285203649167744,0.0240655305641925,0.0570373250227255,0.075795088626496,0.0954651620256363,0.1358435213244254,8014.807706823421,0.9996832894954952
beta_b[9],0.0270377243649866,0.0001529770282923,0.0135073759200446,0.0036726772648496,0.0169394973099082,0.0262935200973751,0.036067102288574,0.0554199975060855,7796.317788868325,1.0000064045790311
beta_b[10],0.087665414986724,0.0002098124139449,0.021875239137685,0.0461727212467135,0.0731931611301185,0.086957291755454,0.1016086894794867,0.1324665260290136,10870.343248041658,0.999904159846104
beta_b[1],0.0538592881900926,0.0001001745685188,0.0116330714225216,0.0315480858237298,0.0458524152963841,0.0537615172907891,0.0614555185467578,0.077083656101244,13485.710365880152,1.0000655373370462
beta_b[2],0.0107560969865399,8.256086697015124e-05,0.0075367100725646,0.000470996570074,0.0047120576926117,0.0095934142194287,0.0153127431632889,0.0281967230118159,8333.26375900112,1.0001270524837234
beta_b[3],0.0608732947311812,0.0002617627887541,0.0199868573303488,0.0221864356900337,0.0474352946525332,0.0607977437115915,0.0738290055588952,0.1012632243080697,5830.0624531331405,0.9997549349663276
beta_b[4],0.0371967080436534,0.000126398829981,0.011660374684364,0.0149694707145321,0.0291705962788922,0.0367964131948407,0.0449926317778087,0.0605884138052766,8510.183095958826,1.0001779862250806
beta_b[5],0.0213919577577019,0.0001195094259583,0.0108463975875083,0.002510525493482,0.0134404554511137,0.0207909161445855,0.0285681999930458,0.0437429470450549,8236.955490823537,1.000149456662037
beta_b[6],0.1080335792520372,0.0002382158858236,0.0251542262782013,0.0615862946159092,0.0907326671132166,0.1066446295240148,0.1244232937050573,0.160959542908775,11150.14428247584,0.9999676792036518
beta_b[7],0.0439713873525383,8.905695226194018e-05,0.0097479953455733,0.0252980123776729,0.0371963796180503,0.0438928501973009,0.0503477904081187,0.0636858860089373,11981.052448605496,0.9996906139759368
beta_b[8],0.0152841705984363,9.341981585136544e-05,0.0077846187352981,0.0019302544636235,0.0094793945857601,0.0148307203895635,0.020516703211827,0.0317522425437295,6943.791637936309,0.9999344039097918
beta_b[9],0.0036542040727567,3.0496211043856335e-05,0.0033433655539525,0.000105805649272,0.0011833046009599,0.0026403274707694,0.0052417246703149,0.0123135902674049,12019.210976475062,0.9996856535061116
beta_b[10],0.0115874480913024,8.834122802035295e-05,0.0079868898772425,0.0004987797077059,0.0052737331524061,0.0103674747532437,0.0165097172307822,0.0302168480187072,8173.885104948439,0.9995816151052456
beta_b[1],0.0047267648577735,3.5546904211865465e-05,0.0034377256021719,0.000202808523709,0.0020325826125676,0.0040189413538263,0.0067972223354774,0.0127979771230949,9352.73973801547,0.9999552707990638
beta_b[2],0.0102824179514645,7.321760683690463e-05,0.0064129956731858,0.0006446351875693,0.005230492253151,0.0095488513971467,0.014426925556029,0.0246236162823572,7671.686276385253,0.9997349718764632
beta_b[3],0.0069534062369375,4.952858268922937e-05,0.0046854121155693,0.0003769382893451,0.0031938603264732,0.0062340873634112,0.0099225518262618,0.0176314405745385,8949.191298064896,0.9997981147825812
beta_b[4],0.0230315984467209,8.385359441062291e-05,0.0069267578193697,0.0096074223336119,0.0183847972832429,0.0230271587301101,0.0277585243135323,0.0365501917341923,6823.648388663448,0.9996285276012106
beta_b[5],0.0800451487969647,0.0001548167447464,0.0134905880527668,0.0553115031121111,0.0708007642426706,0.0798340785257525,0.0886487418783336,0.1078279577742039,7593.218528121593,0.9998467923900652
beta_b[6],0.0612324009662734,0.0001840052125294,0.0174629910261715,0.0279156231225288,0.0490520532801537,0.0608817803318875,0.0729137384191188,0.0964079564069338,9006.934609401225,1.000288207829744
beta_b[7],0.0375576911291092,0.0001145699471899,0.010385715566339,0.0171953165433321,0.0305543189434187,0.037333040590844,0.0444304587128364,0.0579921927883373,8217.343146503883,1.000604956824205
beta_b[8],0.0630469541288303,0.0002099336499744,0.0185982870889661,0.027572112924396,0.0503671047206441,0.0625095945129938,0.0752977692766542,0.1003655198379268,7848.41178838374,0.9999357158698916
beta_b[9],0.06610192028757,0.00016425240587,0.0152209196244367,0.0366465389729839,0.0557521027018749,0.0659032128322941,0.0761108679212358,0.0972221534023829,8587.333035923717,1.000179661116637
beta_b[10],0.0404924273870023,0.0001244717418667,0.0106154244029608,0.0200467499335868,0.0333829311861011,0.0402915383347905,0.047475209950076,0.0616492577261988,7273.328274469225,1.0000299773427368
phi_b[1],-0.1468576678580161,0.0008384512093906,0.0683490600153299,-0.2925113671552476,-0.1907215742908417,-0.1432731388752994,-0.098409984594319,-0.0247315710610438,6645.222110983242,1.000128803471669
phi_b[2],-0.002759722033579,0.0006583900416906,0.0574602387590193,-0.1210517106616259,-0.0402608368946986,-0.0010451144199291,0.0373927339316121,0.1051482453350843,7616.72622442906,1.0001302071632232
phi_b[3],-0.011200212659524,0.0007361072772813,0.0648004242123872,-0.1439701261797372,-0.0528606558228205,-0.0098801661486057,0.0330093460663869,0.1104226986489164,7749.496302789011,1.0006606176291215
phi_b[4],-0.1350550836393133,0.0005655755474739,0.0541171570449578,-0.2465590626102523,-0.1699270690002485,-0.1334275238100554,-0.0972317410065969,-0.0362621505839526,9155.639792393493,1.000360606750926
phi_b[5],0.0119332326219699,0.0007377560531551,0.0621282429124292,-0.1110759701723784,-0.0292976193886628,0.0138137942300332,0.0538837338817397,0.1291751423242221,7091.736318116607,1.0002062259520224
phi_b[6],-0.1630591358120854,0.0005577896876615,0.0522498777337392,-0.2682134731515518,-0.1978267573242535,-0.1619281384592294,-0.1267667234348542,-0.0653531687654663,8774.64581533381,0.9996904859266872
phi_b[7],-0.0489854739708493,0.0006407117210482,0.0580146798662186,-0.1663211125609815,-0.0878086550646341,-0.047704918624799,-0.0093052009313794,0.0589803695826047,8198.803205718801,0.9999996893386994
phi_b[8],0.0060785776051033,0.0005699058068716,0.0587073061920487,-0.1108936534911005,-0.0330572621999975,0.0062718955470622,0.0461773710388587,0.1189758184462946,10611.5333160656,0.9997399302177336
phi_b[9],-0.110858534131799,0.0005187307572295,0.0520787621598547,-0.2184649289141011,-0.1440490160949474,-0.1091084738920923,-0.0750147964794806,-0.0154180395996005,10079.460963749209,0.9997841230884076
phi_b[10],-0.2345010493907816,0.0004497546075965,0.0493573395451079,-0.3348063709458118,-0.2670012741508728,-0.233072985990939,-0.2001260970716254,-0.1419129059296352,12043.486834101985,0.9998228277121566
phi_b[1],-0.0792458439214761,0.0003986137458905,0.042769320868328,-0.1684376341526864,-0.1065245119484106,-0.0774526702670616,-0.0497959819283356,0.001579929946088,11512.248788740577,0.9997117676983768
phi_b[2],-0.0375932471198529,0.0005399637246376,0.0618060582973974,-0.1605351627414332,-0.0789548588019768,-0.038371822872723,0.004382637811386,0.0830886615133395,13101.859127853928,0.9997867321609134
phi_b[3],0.4012802215860174,0.0010746116088967,0.1096952709316306,0.1912222425952732,0.3271436434635343,0.3984829623431744,0.4732665463602829,0.6234177431256438,10420.120817467818,0.9997511263791486
phi_b[4],0.0218710551394471,0.0005749751426014,0.0607138403798311,-0.0978065288815474,-0.0185847971981121,0.0218802610092215,0.0632329023554683,0.1388663687872226,11150.061678743832,0.9998614539981784
phi_b[5],-0.0331463745837124,0.0005879757052181,0.0591508870644985,-0.1579473534437394,-0.0707390116137003,-0.0307772752162561,0.0075211627654626,0.0759942300263213,10120.541745152292,0.9997670319458142
phi_b[6],-0.0622805696838094,0.0005944262649494,0.0608640052264197,-0.1893669810723356,-0.1012447906641518,-0.0600071869588619,-0.0207346336003458,0.0509192713276689,10483.953237181782,0.9996151943491908
phi_b[7],-0.0044638090471012,0.0007305787118321,0.0745199600656577,-0.1520247448965963,-0.0538227896029433,-0.0042114239906605,0.0444263415391206,0.1438960409713875,10404.260093506577,0.9998286506355448
phi_b[8],0.004105333673155,0.0004863917551911,0.052928526531261,-0.1003116275466273,-0.0307571323589948,0.0039490438677032,0.0396074932278606,0.1082372647420436,11841.513067499389,0.9999534799277918
phi_b[9],0.0645999412633627,0.000847022942399,0.0787108568482452,-0.0944236873354872,0.0132660322409717,0.0656945845186961,0.1162384072736361,0.218878259767778,8635.329880330166,1.0002531137119983
phi_b[10],-0.0760488414310526,0.0006114856106784,0.0669380773147294,-0.2153715030842601,-0.1198327324676489,-0.0736445051099103,-0.0296718147936581,0.0504032665385784,11983.232456459906,0.9998172104245284
phi_b[1],0.1766854202197217,0.0007707092646038,0.0811342069723588,0.0185159496004865,0.1218034011670557,0.1760150748050635,0.2311423347340671,0.3342814949443126,11082.22164889479,0.9997328116012651
phi_b[2],-0.0266359612583797,0.0005442523467419,0.0572960864341556,-0.1383019085588707,-0.065484361858525,-0.0269112652293813,0.0124510559296591,0.0844365195044581,11082.794920213084,0.999861486483768
phi_b[3],-0.0286453710527454,0.0005981975328832,0.0553537420060701,-0.1409992792696646,-0.0643624740289627,-0.0272432338915078,0.0094526641466224,0.0773347928916805,8562.58183846153,0.9999823621500188
phi_b[4],-0.1517716897491906,0.0006393798990163,0.0601757460471762,-0.2739005723023493,-0.1919315594387795,-0.150713336136582,-0.110365772122503,-0.0373737455421186,8857.782439907149,1.0001312711387305
phi_b[5],0.1040691743906748,0.00057682234536,0.0563107570521314,-0.0064758594952742,0.0661108338931609,0.1039153157635211,0.1423787847543411,0.2136071952340864,9530.12462950026,0.999762664919285
phi_b[6],-0.1141149978092221,0.0010976401437937,0.0933724521251856,-0.3154019813689747,-0.1716927304045614,-0.1084298976345481,-0.0514647010222482,0.0541088446556515,7236.316681339149,1.000324035903694
phi_b[7],0.0202512470707151,0.0006521000352358,0.0637954724542537,-0.1057018040046501,-0.0231904401210973,0.0207913085140423,0.0635491924828176,0.1439175694444631,9570.866726981483,0.999641874519212
phi_b[8],0.0365299221129106,0.0007025380002218,0.0706759059934674,-0.1032313487874365,-0.0105114321337435,0.0365325645789735,0.0831364247978741,0.1759126492575008,10120.527015191656,0.9997643943351538
phi_b[9],-0.0581807251424773,0.0006654054802846,0.0658540752150548,-0.1926082085865172,-0.1010850237867677,-0.0553577420633081,-0.0127604647682043,0.0634895342521917,9794.73214517702,0.9997364605953064
phi_b[10],-0.0632973102649057,0.0005725167648687,0.0504059281700465,-0.166106685671512,-0.096538180925322,-0.0613850773890063,-0.0288154306872204,0.0309800656199848,7751.5189903878945,1.0004580967202432
phi_b[1],-0.0309137446655636,0.0007827799330116,0.0761204378277674,-0.1843781726186185,-0.0803181196947108,-0.0295255738666615,0.0213087141886866,0.1121227770009689,9456.342371507197,0.9997150042635012
phi_b[2],0.0296295311131721,0.00050159882697,0.0536543629090171,-0.0771676371032194,-0.0065771932336209,0.030642404651338,0.066752756701093,0.131790519787614,11441.871353627985,1.0003397732052188
phi_b[3],0.2145585768637823,0.0013103630228964,0.1257530032346847,-0.0271618032589743,0.1294860256743572,0.2141413553064523,0.2996147088440444,0.4630849353104059,9209.869423641476,0.9996885287518186
phi_b[4],0.058600336323168,0.0006725167197151,0.0691625466093229,-0.0745363365806428,0.012226133984027,0.0593595223980993,0.1048393699217081,0.1947820198945679,10576.34915915916,0.9997275024858588
phi_b[5],0.0555187548749156,0.0006027640424466,0.0608851442121355,-0.0632103965521415,0.0140135771293578,0.0550074629053998,0.096809112327908,0.1760277551543431,10203.00276727957,1.0002843968877784
phi_b[6],-0.1305185222361659,0.0006888656837299,0.0660392440305858,-0.2638978698154918,-0.1742072866015946,-0.129533790857567,-0.0842237115171832,-0.0082038466479033,9190.414201308586,1.0002349797572578
phi_b[7],-0.1428170464631108,0.0005145189780577,0.0550267759110178,-0.2575818095009974,-0.1780899345207554,-0.1407323117362874,-0.1052496016174138,-0.0398897610515149,11437.874806142734,0.9997533994379134
phi_b[8],-0.2511008947517701,0.0012915159745229,0.1015649192389142,-0.4690844130143288,-0.3165937829685666,-0.2445076290855841,-0.179240927799294,-0.0711681013857565,6184.262143577238,1.0001323317137074
phi_b[9],-0.0209139903422802,0.0007835983494248,0.0821567418985358,-0.1823005279237675,-0.0754080992409077,-0.0209229629800382,0.0339536106085931,0.1397260294004421,10992.573827036416,1.0000436628185756
phi_b[10],-0.1022770582288618,0.0009227808764169,0.091903901928695,-0.3024176205359812,-0.1611694760791557,-0.094227781923233,-0.036387842377254,0.0563812231179666,9919.064847369398,0.999705053806945
phi_b[1],-0.0336077106622069,0.0005436817138394,0.0599048869163489,-0.1531308106265582,-0.073083593390587,-0.0323185182852061,0.007324282374956,0.0822275959477804,12140.457499082344,0.9996077848428462
phi_b[2],-0.075902277358539,0.0007211610745578,0.0691471532175458,-0.2167572809243726,-0.1211337328185784,-0.0743335166249019,-0.0278489540408061,0.0545451881000053,9193.567214185765,0.9999231947259652
phi_b[3],-0.0085882315974373,0.0005237167261434,0.0561108667609665,-0.1233711026763845,-0.0451497749680366,-0.0079349729065971,0.0293432155452703,0.0992223908555128,11478.92097750552,0.9997728902927028
phi_b[4],-0.0254706215706267,0.000494815071119,0.0512923208762189,-0.1309403959136638,-0.0587364356241288,-0.0244642473935297,0.0093489157622551,0.0715552338052785,10745.307866440811,0.9998960510433212
phi_b[5],-0.0172658947554391,0.000375716938609,0.0424639307387897,-0.1037844244738906,-0.0452920122483821,-0.0165705705827733,0.0111799551436879,0.0672871878149554,12773.762456508426,0.9996936608216188
phi_b[6],0.3058846828826287,0.0015919270631676,0.1448174161217649,0.0217187785328449,0.2099410236226311,0.3056569909191988,0.4015190509417012,0.5948350089895666,8275.519320553023,1.0003295884408192
phi_b[7],-0.1326675481612251,0.0004615867876894,0.0549853055974217,-0.2454673879171785,-0.1687310614356195,-0.1308361583194512,-0.0956235697986576,-0.0280170454952074,14190.135672865066,0.9997275734918982
phi_b[8],0.0525136347142584,0.0012341133970724,0.1130517379729821,-0.1705249682877098,-0.0233842818574596,0.0522501252041175,0.1290930338196059,0.2725340402919893,8391.591854869155,1.0001960785910968
phi_b[9],0.7009468965085873,0.0010105070829121,0.1255761199504274,0.4623622557116983,0.6178080889804338,0.6962553686852185,0.7833159761579673,0.9595262262518828,15443.132452446056,0.9995481433763004
phi_b[10],0.0652496063531124,0.00044601366025,0.054670613647736,-0.043927852067588,0.0294802670865345,0.0659981199973944,0.1019136230020122,0.1724588039051279,15024.899536844949,0.9997787974329592
phi_b[1],0.009635956456138,0.0010513396479572,0.0898412976378123,-0.1693740658914971,-0.0494578920212663,0.0095001862281364,0.0705973134877943,0.1844702474829288,7302.405519634123,0.9999474077264038
phi_b[2],0.0723595545133607,0.0008558627171798,0.0761220004295165,-0.0787449854804463,0.0202559788399013,0.0728282845526554,0.1241833794281737,0.2226117974762041,7910.649983125603,1.0001026751622115
phi_b[3],-0.1321898387905673,0.0007867768547775,0.0715169334625786,-0.2723928573998722,-0.1802403546605661,-0.1314226187865225,-0.0834781743118901,0.0076371044424019,8262.559837757131,0.999745892838855
phi_b[4],-0.1673280798173536,0.0010660094049231,0.078389261944532,-0.3276354628702314,-0.2184160725216178,-0.1662159976211634,-0.1140554002859881,-0.0153235562857167,5407.432144245818,0.9999820534340582
phi_b[5],0.1072424159963889,0.0007786373344905,0.0635666069885942,-0.016882557352618,0.064637350550129,0.1067914235215572,0.1500729658122949,0.2310776497915093,6664.807557078594,1.000107197063486
phi_b[6],-0.002948193827594,0.000603412816295,0.0517487114319369,-0.1074206032376622,-0.0377981418137602,-0.0015832894177683,0.0329373330344821,0.0940713982177908,7354.785646111969,1.0003135035907245
phi_b[7],0.0074260163353019,0.0008194033616847,0.0677081292973957,-0.1275399657718438,-0.0369194231140835,0.0078551261936307,0.0536092649879892,0.1402543147954103,6827.884201661344,1.0004695175951852
phi_b[8],-0.0174310997856252,0.0004633219285068,0.0450724976661948,-0.1073069180363875,-0.0476577562840215,-0.016314731654256,0.0133720424717128,0.0692915794345506,9463.62535392809,1.0002126302693817
phi_b[9],-0.0393040346822554,0.0008396966084605,0.0648780688308409,-0.1751908422395352,-0.0814869583283191,-0.0358656932217203,0.0064137120884047,0.0798366752821877,5969.679702751121,1.0000416036133084
phi_b[10],-0.0393662461992721,0.0006618830292203,0.0576039563767043,-0.154438345735077,-0.0774766392030399,-0.0388155077038775,7.010370546377398e-05,0.0719870187408413,7574.293572193677,1.0006862214995476
persev_b[1],-0.4894959563778945,0.0028498919286194,0.2798994134690613,-1.0598194060162462,-0.6697608051817165,-0.485524051778428,-0.2986499550592603,0.0633086748297655,9645.9985902192,1.0000210967328595
persev_b[2],1.1511674356725012,0.0022851503441082,0.2353171175339259,0.6913330887758429,0.9947190284243126,1.1514746359345396,1.3047487187684828,1.6223792713666367,10604.189575616936,0.9999974397580788
persev_b[3],-0.994899903795032,0.0029179280971806,0.284798856262453,-1.579645460549369,-1.185811421931458,-0.9879128102984868,-0.799775554527969,-0.4471169437346626,9526.367029573614,1.0000771403270627
persev_b[4],0.0411355518113549,0.0025545643063407,0.2479572538431776,-0.4562745026149577,-0.1278638855959463,0.0435715214255559,0.2110881261821322,0.5118260869871682,9421.497913540928,0.9999875659421616
persev_b[5],0.6936286603539149,0.0035672698351204,0.3547050952121746,0.0044401876149323,0.4549332248721316,0.6963136344850804,0.92652666208235,1.3972960079533836,9886.963505668928,0.9999930627909528
persev_b[6],-0.0222342929384428,0.0027592217964634,0.2671777173508899,-0.5468836600819245,-0.2002631772282135,-0.0193685244056948,0.1557818127061212,0.5056592646823541,9376.208280035176,0.9998413735202084
persev_b[7],0.8195358909073334,0.0050233908032625,0.4206636460181384,0.0179431045111477,0.5310993317839875,0.8128421322124342,1.0969695381620477,1.6851406474815172,7012.550972197154,1.0001457192088503
persev_b[8],0.0336982391342314,0.0039533814308464,0.3330107352041714,-0.618642040097013,-0.1906222497754338,0.0352017150759665,0.2572422996652966,0.6911339494710862,7095.435098152133,1.0001135634809406
persev_b[9],1.3437862740445747,0.0063389929068133,0.5195440084373506,0.3602702856459315,0.982314571898588,1.331227219697963,1.688924916607653,2.387921256092903,6717.445473547236,1.0003018721218253
persev_b[10],1.2007674664827304,0.0049813496810397,0.3770711260289349,0.4840183446896356,0.9459614347368932,1.1888985130838243,1.4457055688341955,1.970438644826329,5729.97196202541,1.0000100900289457
persev_b[1],1.6221457679927902,0.0050433582190118,0.4827579565221857,0.7010378105311745,1.2894955608346133,1.6142762598009348,1.9432975929408784,2.5953928466962304,9162.61098137844,1.000042414017309
persev_b[2],1.2500247181106334,0.0053979878623895,0.532906401947022,0.262579885379515,0.8836420462869006,1.2342276715866762,1.6029447962498022,2.351719965342235,9746.261681382464,0.9998496451941504
persev_b[3],-2.0880476068712985,0.0065025197520444,0.6121373297485387,-3.4482624976177885,-2.4545931610093072,-2.033565202182864,-1.6631075594865274,-1.0264539994788653,8862.053536034478,1.0001911993572747
persev_b[4],0.5796896088421434,0.0031807073977901,0.3387640617497021,-0.0725215201742995,0.350046810118528,0.5805913368692911,0.8080328483696442,1.2422603060490038,11343.503902745484,1.0001158508957804
persev_b[5],-1.110414214728356,0.0038950792965185,0.3798242795334166,-1.888089731795846,-1.359672169989398,-1.0983240080510277,-0.8450243117541318,-0.4109537873115103,9508.956012670627,0.9998254419003552
persev_b[6],1.3183853863854842,0.003738293120545,0.3921356745418796,0.5734505094563342,1.0558832849676376,1.3127853546203077,1.574137998733576,2.1177550894888624,11003.37730217373,0.9996504325346564
persev_b[7],0.967215664683796,0.0075728652801387,0.846593952934085,-0.6824648454231794,0.4040497349196338,0.967498081617379,1.521506764575666,2.678390303758676,12497.693292198892,0.9999406479072684
persev_b[8],0.9121536308779714,0.0035835267384296,0.3912820503634713,0.1540868366606567,0.6490770970776153,0.9130215427639112,1.177312631999317,1.6863065610723418,11922.259008429492,1.0000075423708374
persev_b[9],-0.3598075118145138,0.0081150129698527,0.7806965654104189,-2.033636387478659,-0.8495584413204709,-0.32615313166554,0.1767883935665481,1.067089514812567,9255.206241069864,1.000065623678212
persev_b[10],1.2233969844761383,0.0042067710344799,0.4095685702648396,0.4395862579776261,0.9382489512249186,1.2091837270580093,1.4868286159422248,2.063604869087932,9478.846584903871,0.9999497052141768
persev_b[1],-0.971090211963836,0.0045645239971586,0.4295235643467297,-1.857084490486328,-1.2536058327921482,-0.9508425513088418,-0.6709532149123756,-0.1881303583279052,8854.886533774086,0.9997453289953232
persev_b[2],1.06612532999091,0.0049734923595172,0.4268188408572355,0.2540131580696996,0.775041114481778,1.0568084088428238,1.3381254687188255,1.9466184700056413,7364.85589926856,1.0001532622485567
persev_b[3],1.721812897541165,0.0035375336007922,0.3395001628569516,1.0731178436928566,1.4882233819069466,1.7188688056202857,1.9450205538511625,2.404339356031849,9210.407103688704,1.000127875353769
persev_b[4],0.5900955409359272,0.0031994399350856,0.2799990674696513,0.0414919892106693,0.4016594305028111,0.5905259919332981,0.7791955637870066,1.1317881627229964,7658.879686346019,0.9997677042197086
persev_b[5],1.583938739405051,0.0041040800301185,0.390734924102038,0.8296847921318709,1.3179807719485517,1.5746580977568585,1.8404955740379907,2.370846041416968,9064.269695287803,0.999812028405556
persev_b[6],0.5751476377479513,0.006286453080428,0.6377833623638678,-0.6952718691423247,0.1563961147624483,0.5769054754518605,0.9914210888683076,1.819492196491968,10292.8350872169,1.000026127617223
persev_b[7],0.2169111733146921,0.0028102971703941,0.2775694563340289,-0.3216187661387316,0.0292040013324711,0.2140352564973255,0.4011999877790052,0.763776108101554,9755.260190638595,0.9999215609515254
persev_b[8],0.9187174244277488,0.0044836353089515,0.3652732971934802,0.2266713546532537,0.6705306066938017,0.9115402975854188,1.159401066420355,1.650295821647052,6637.053043053207,0.9996673059480684
persev_b[9],0.9625742680937862,0.0046997332650252,0.428553158832391,0.1502210405991848,0.6701003813882638,0.9547623209417988,1.241143220545562,1.8530822610889413,8315.013927610313,0.9999272462778552
persev_b[10],0.5504222671268003,0.0026808956868723,0.2730892497828688,0.0117237360171279,0.364236636576386,0.5517975838287505,0.7372609374000243,1.0787579183459846,10376.46383489226,1.0001966818800094
persev_b[1],0.3853534843366356,0.0021238847352974,0.2418263811296199,-0.0893988072929161,0.2218960068629015,0.3869541443443106,0.5484777510529008,0.8604091996520462,12964.192362359388,0.9998843721253792
persev_b[2],0.4829538267195393,0.0027448847726137,0.3204411200914497,-0.1336997385471025,0.2633246653395268,0.4762473998650037,0.700228053795344,1.1115767507678296,13628.505895449374,0.9996904455525396
persev_b[3],-0.7116112755067967,0.0032180800780747,0.3409876802229672,-1.414622938422778,-0.9322293831570728,-0.7065333425673336,-0.4816763855037758,-0.0513996563704127,11227.516012390535,0.9996479404160504
persev_b[4],0.1718509475722927,0.0027335974876058,0.3261575579685946,-0.4753579743793952,-0.044287557032718,0.1828073409777403,0.3908005909899856,0.8023902856878613,14235.927260180457,0.9995790998106064
persev_b[5],1.4778776047441493,0.0042387612826048,0.4639166299059482,0.5829565720446291,1.165537676929962,1.4678710822082923,1.7909224465588829,2.408909484867098,11978.48695183831,0.999690288400884
persev_b[6],0.8293823660579417,0.0022048023436768,0.2460029935632984,0.3482843511836141,0.6608069379479455,0.8273422814914091,1.00026255151221,1.3198806925476536,12449.200462853143,0.9999598876759572
persev_b[7],0.4915917506820597,0.0032921145096668,0.3867709462869843,-0.2545462002497405,0.2280731920634399,0.4925554923021052,0.7561480334091868,1.2582648768339744,13802.502049193205,0.9997125922708454
persev_b[8],-1.4272723937906653,0.0089653707972959,0.7243271228944829,-2.9008339253021007,-1.8938613825135733,-1.4113314035744091,-0.9193957900194464,-0.0874964566853285,6527.291130004312,0.9999183197215556
persev_b[9],-0.5147739345784094,0.0029808902986155,0.3376913902383087,-1.192333134339386,-0.745066613818914,-0.5040355036632396,-0.2836341094432933,0.1300276281562851,12833.584924142113,0.9999455682969738
persev_b[10],-0.3229263246486545,0.0043435559339313,0.4834676945618281,-1.282507398495312,-0.641544618087848,-0.3140094251156168,-0.0031501879184294,0.6255522688950607,12389.22335222277,0.9998379671442186
persev_b[1],1.3184350993681264,0.0034513971894241,0.3819640290686525,0.582802026315951,1.0608737999048303,1.3129417498789582,1.571990410183911,2.084742095141688,12247.714361856164,0.9999431521306028
persev_b[2],0.124939435698316,0.0025378987002035,0.2785551178889781,-0.4391779022501858,-0.0528450300739557,0.1270117993510034,0.3091515395958484,0.6740147755266033,12046.8559603955,0.9998740144988536
persev_b[3],1.1767597844980742,0.0027390093358178,0.3151662014215625,0.5677996830903517,0.9665866665346938,1.1728400186835988,1.3857282971675404,1.80631047988306,13240.130010669744,0.999579833064617
persev_b[4],0.684269876565319,0.0034557231343609,0.3689001723352197,-0.0380348520702587,0.4317881888428487,0.6828520878241808,0.9341754951642672,1.4018981686301886,11395.669242874616,0.9995821125909078
persev_b[5],0.1463649643569181,0.0028849380382341,0.3503786000596704,-0.572726659965384,-0.083612710649984,0.1555599973769652,0.3892708403196236,0.8095914322435345,14750.344590868212,0.9996583300636784
persev_b[6],-0.8309552663410816,0.0082221956270378,0.782068184407761,-2.458449723786982,-1.327869042226195,-0.7932172212335381,-0.294594147655845,0.6064100211165511,9047.188229414827,1.0000271923091992
persev_b[7],1.0959205885262029,0.0050046833235944,0.4891321863915409,0.1511045791720965,0.76802878439136,1.083368836853124,1.4216394228831448,2.065957961874108,9552.109202749152,0.9999014131865408
persev_b[8],-0.8257051656251676,0.0057068291488274,0.5167594962905702,-1.8815065159050808,-1.1598753323905249,-0.8020688470563404,-0.4666912282329096,0.1370071217781577,8199.496613165495,1.0001306660981044
persev_b[9],-0.98440465906564,0.0056813129254206,0.5938807370957191,-2.25996021710327,-1.3572779003233968,-0.9529348538881768,-0.5697718826246002,0.0739220355124287,10927.002846578402,0.9999409809106794
persev_b[10],1.2920707760790278,0.0030319467322055,0.3155748417909174,0.6753508482250783,1.0778560179682617,1.2894983643428732,1.5037836114020866,1.9166399145195965,10833.321013370803,1.000590447868947
persev_b[1],-1.1494782480046506,0.0041191335935303,0.3537309145052121,-1.8683446451218877,-1.3863974016240157,-1.1332551349045956,-0.9032218136399308,-0.4812583774141192,7374.528849235124,1.0000640654582142
persev_b[2],-0.3447599572876194,0.0028263011115728,0.2700382109931298,-0.8898814385172898,-0.5231299089868519,-0.3453890362097301,-0.1577078129805725,0.1725750361102708,9128.797755866704,0.9999637249576728
persev_b[3],-1.6700599265681644,0.0041313743201898,0.36995465891028,-2.4379670102676725,-1.906885184107884,-1.6586741466909167,-1.4138410786063669,-0.9905342304321908,8018.772832035293,0.9999329130944048
persev_b[4],0.0321265893363437,0.0032580642558435,0.3003376276114849,-0.5497686559634994,-0.1734466014094578,0.0363481982471221,0.2352635642270018,0.6185117956762214,8497.676647182629,0.9997320452285492
persev_b[5],0.8907557533458059,0.0034949751818465,0.3255475274067465,0.2544663298621442,0.672127255696904,0.885302953399689,1.1121127408371618,1.5430627754693829,8676.420864565116,0.9996944266207968
persev_b[6],0.6237902977695032,0.0029169336445109,0.2913751921090473,0.0515697953719422,0.4280801659550242,0.6224448306238096,0.8214367863698202,1.1871113720718347,9978.196362803696,0.9998202862015194
persev_b[7],0.265113810807679,0.0031410698636635,0.2968598685256243,-0.3131714083170001,0.0641787618608619,0.2656169429270048,0.4641506122508821,0.8463496734934358,8931.980975452336,0.9998775629071528
persev_b[8],1.782496073206435,0.0069640976126544,0.5469481497888157,0.7778349762140024,1.408402709626946,1.7602681949251044,2.1358407616066897,2.8888957315771,6168.259204547948,1.0007308931739778
persev_b[9],0.3382560263914998,0.0032454349017825,0.3119308817509769,-0.2862786161832469,0.1284462048622758,0.3394625153761359,0.5470152764999444,0.9484884420113008,9237.850745165431,0.9996054280081929
persev_b[10],0.3656129987972055,0.0036164984852725,0.3115602177688957,-0.2377145731889594,0.1545350068625955,0.3656906081789439,0.5727480636258293,0.989080495582796,7421.76881921104,1.000072923194772
